epoch,iter,lr,total_loss
0,0,0.0001,5.3146
0,10,0.0001,5.614
0,20,0.0001,5.1779
0,30,0.0001,4.8495
0,40,0.0001,4.6077
0,50,0.0001,4.7581
0,60,0.0001,4.6372
0,70,0.0001,4.4922
0,80,0.0001,4.494
0,90,0.0001,4.2946
0,100,0.0001,4.6254
0,110,0.0001,4.503
0,120,0.0001,4.2648
0,130,0.0001,4.2267
0,140,0.0001,4.2701
0,150,0.0001,4.6105
0,160,0.0001,4.044
0,170,0.0001,4.1127
0,180,0.0001,4.3035
0,190,0.0001,4.0703
0,200,0.0001,4.1325
0,210,0.0001,4.3478
0,220,0.0001,4.171
0,230,0.0001,4.1474
0,240,0.0001,4.3396
0,250,0.0001,4.1796
0,260,0.0001,4.3165
0,270,0.0001,4.5453
0,280,0.0001,4.1601
0,290,0.0001,4.2059
0,300,0.0001,4.0598
0,310,0.0001,4.0274
0,320,0.0001,3.9249
0,330,0.0001,3.929
0,340,0.0001,3.8942
0,350,0.0001,3.8638
0,360,0.0001,4.3631
0,370,0.0001,3.7105
0,380,0.0001,3.9193
0,390,0.0001,3.8789
1,400,0.0001,3.8682
1,410,0.0001,4.1563
1,420,0.0001,4.0181
1,430,0.0001,3.7731
1,440,0.0001,3.6619
1,450,0.0001,3.8018
1,460,0.0001,3.6139
1,470,0.0001,3.7356
1,480,0.0001,3.7099
1,490,0.0001,3.7956
1,500,0.0001,3.4584
1,510,0.0001,3.8433
1,520,0.0001,3.671
1,530,0.0001,3.6825
1,540,0.0001,3.6063
1,550,0.0001,3.5925
1,560,0.0001,3.7979
1,570,0.0001,4.0469
1,580,0.0001,3.7124
1,590,0.0001,3.8529
1,600,0.0001,3.8423
1,610,0.0001,3.9737
1,620,0.0001,3.6255
1,630,0.0001,3.7969
1,640,0.0001,3.9377
1,650,0.0001,3.8099
1,660,0.0001,3.5788
1,670,0.0001,3.6556
1,680,0.0001,3.6531
1,690,0.0001,3.5995
1,700,0.0001,3.5133
1,710,0.0001,3.519
1,720,0.0001,3.5941
1,730,0.0001,3.8971
1,740,0.0001,3.7633
1,750,0.0001,3.629
1,760,0.0001,3.9961
1,770,0.0001,4.8287
1,780,0.0001,4.2063
1,790,0.0001,4.2232
2,800,0.0001,4.2521
2,810,0.0001,4.4553
2,820,0.0001,4.0893
2,830,0.0001,3.7523
2,840,0.0001,3.935
2,850,0.0001,3.5605
2,860,0.0001,3.5157
2,870,0.0001,3.5941
2,880,0.0001,3.6721
2,890,0.0001,3.5893
2,900,0.0001,3.6842
2,910,0.0001,3.6799
2,920,0.0001,3.5714
2,930,0.0001,3.7864
2,940,0.0001,3.9125
2,950,0.0001,3.5853
2,960,0.0001,3.4159
2,970,0.0001,3.4708
2,980,0.0001,3.3316
2,990,0.0001,3.478
2,1000,0.0001,3.4382
2,1010,0.0001,3.3988
2,1020,0.0001,3.4705
2,1030,0.0001,3.4182
2,1040,0.0001,3.498
2,1050,0.0001,3.4736
2,1060,0.0001,3.5063
2,1070,0.0001,3.4832
2,1080,0.0001,3.2932
2,1090,0.0001,3.5934
2,1100,0.0001,3.5459
2,1110,0.0001,3.446
2,1120,0.0001,3.6909
2,1130,0.0001,3.4824
2,1140,0.0001,3.4261
2,1150,0.0001,3.5373
2,1160,0.0001,3.3065
2,1170,0.0001,3.5157
2,1180,0.0001,3.6522
2,1190,0.0001,3.6034
3,1200,0.0001,3.3196
3,1210,0.0001,3.5361
3,1220,0.0001,3.5465
3,1230,0.0001,3.3821
3,1240,0.0001,3.3402
3,1250,0.0001,3.6304
3,1260,0.0001,3.5327
3,1270,0.0001,3.4929
3,1280,0.0001,3.4995
3,1290,0.0001,3.529
3,1300,0.0001,3.3379
3,1310,0.0001,3.4352
3,1320,0.0001,3.4152
3,1330,0.0001,3.4744
3,1340,0.0001,3.2771
3,1350,0.0001,3.9965
3,1360,0.0001,3.6694
3,1370,0.0001,3.4452
3,1380,0.0001,3.583
3,1390,0.0001,3.484
3,1400,0.0001,3.6289
3,1410,0.0001,3.3072
3,1420,0.0001,3.3339
3,1430,0.0001,3.3694
3,1440,0.0001,3.266
3,1450,0.0001,3.1185
3,1460,0.0001,3.3723
3,1470,0.0001,3.3199
3,1480,0.0001,3.3934
3,1490,0.0001,3.5593
3,1500,0.0001,3.2201
3,1510,0.0001,3.355
3,1520,0.0001,3.0912
3,1530,0.0001,3.4429
3,1540,0.0001,3.2885
3,1550,0.0001,3.5805
3,1560,0.0001,3.3797
3,1570,0.0001,3.1519
3,1580,0.0001,3.1746
3,1590,0.0001,3.5539
4,1600,0.0001,3.445
4,1610,0.0001,3.2857
4,1620,0.0001,3.2888
4,1630,0.0001,3.2365
4,1640,0.0001,3.4223
4,1650,0.0001,3.4032
4,1660,0.0001,3.3785
4,1670,0.0001,3.1435
4,1680,0.0001,3.2518
4,1690,0.0001,3.5069
4,1700,0.0001,3.3069
4,1710,0.0001,3.5927
4,1720,0.0001,3.2761
4,1730,0.0001,3.2518
4,1740,0.0001,3.4259
4,1750,0.0001,3.11
4,1760,0.0001,3.4041
4,1770,0.0001,3.2308
4,1780,0.0001,3.2749
4,1790,0.0001,3.3134
4,1800,0.0001,3.1606
4,1810,0.0001,3.2822
4,1820,0.0001,3.0492
4,1830,0.0001,3.0498
4,1840,0.0001,3.4687
4,1850,0.0001,3.0502
4,1860,0.0001,3.5246
4,1870,0.0001,3.3109
4,1880,0.0001,3.2526
4,1890,0.0001,3.172
4,1900,0.0001,3.5949
4,1910,0.0001,3.3516
4,1920,0.0001,3.244
4,1930,0.0001,3.3501
4,1940,0.0001,3.3964
4,1950,0.0001,3.1463
4,1960,0.0001,3.2361
4,1970,0.0001,3.1201
4,1980,0.0001,3.1593
4,1990,0.0001,3.3621
5,2000,0.0001,3.2307
5,2010,0.0001,3.2516
5,2020,0.0001,3.5819
5,2030,0.0001,3.2338
5,2040,0.0001,3.209
5,2050,0.0001,3.1532
5,2060,0.0001,3.1575
5,2070,0.0001,3.4113
5,2080,0.0001,3.2204
5,2090,0.0001,3.0642
5,2100,0.0001,3.2705
5,2110,0.0001,3.1068
5,2120,0.0001,3.1239
5,2130,0.0001,3.0711
5,2140,0.0001,2.9598
5,2150,0.0001,3.2969
5,2160,0.0001,3.1122
5,2170,0.0001,3.0359
5,2180,0.0001,3.0687
5,2190,0.0001,3.1382
5,2200,0.0001,3.1627
5,2210,0.0001,3.0053
5,2220,0.0001,3.6682
5,2230,0.0001,3.2029
5,2240,0.0001,3.3882
5,2250,0.0001,3.2352
5,2260,0.0001,3.269
5,2270,0.0001,3.5144
5,2280,0.0001,3.2978
5,2290,0.0001,3.1697
5,2300,0.0001,3.6109
5,2310,0.0001,3.5047
5,2320,0.0001,3.5704
5,2330,0.0001,3.3306
5,2340,0.0001,3.2475
5,2350,0.0001,3.2134
5,2360,0.0001,3.3037
5,2370,0.0001,3.1835
5,2380,0.0001,3.2151
5,2390,0.0001,3.2221
6,2400,0.0001,3.3012
6,2410,0.0001,3.0757
6,2420,0.0001,3.2602
6,2430,0.0001,3.1261
6,2440,0.0001,3.1385
6,2450,0.0001,3.1234
6,2460,0.0001,3.4235
6,2470,0.0001,3.1503
6,2480,0.0001,3.2531
6,2490,0.0001,3.4221
6,2500,0.0001,3.2715
6,2510,0.0001,3.1512
6,2520,0.0001,3.2239
6,2530,0.0001,2.9221
6,2540,0.0001,3.1609
6,2550,0.0001,2.8905
6,2560,0.0001,3.1847
6,2570,0.0001,3.1504
6,2580,0.0001,3.115
6,2590,0.0001,3.1436
6,2600,0.0001,3.2102
6,2610,0.0001,3.022
6,2620,0.0001,3.3956
6,2630,0.0001,3.0366
6,2640,0.0001,3.419
6,2650,0.0001,3.0509
6,2660,0.0001,3.2658
6,2670,0.0001,3.0809
6,2680,0.0001,3.4308
6,2690,0.0001,3.1518
6,2700,0.0001,3.3561
6,2710,0.0001,3.0313
6,2720,0.0001,3.1542
6,2730,0.0001,2.9549
6,2740,0.0001,2.9644
6,2750,0.0001,2.9136
6,2760,0.0001,2.9928
6,2770,0.0001,3.0832
6,2780,0.0001,3.1196
6,2790,0.0001,3.1831
7,2800,0.0001,3.1216
7,2810,0.0001,3.1082
7,2820,0.0001,3.0297
7,2830,0.0001,3.2989
7,2840,0.0001,3.4194
7,2850,0.0001,3.4154
7,2860,0.0001,3.2014
7,2870,0.0001,3.1047
7,2880,0.0001,3.0481
7,2890,0.0001,3.2878
7,2900,0.0001,2.9215
7,2910,0.0001,2.9555
7,2920,0.0001,3.1062
7,2930,0.0001,3.0197
7,2940,0.0001,3.0737
7,2950,0.0001,3.2335
7,2960,0.0001,3.0118
7,2970,0.0001,3.1552
7,2980,0.0001,3.1244
7,2990,0.0001,3.0674
7,3000,0.0001,2.9485
7,3010,0.0001,3.1596
7,3020,0.0001,3.046
7,3030,0.0001,3.2235
7,3040,0.0001,3.0587
7,3050,0.0001,2.984
7,3060,0.0001,3.0787
7,3070,0.0001,3.0573
7,3080,0.0001,3.0475
7,3090,0.0001,3.0239
7,3100,0.0001,2.9354
7,3110,0.0001,3.1627
7,3120,0.0001,2.9426
7,3130,0.0001,2.8309
7,3140,0.0001,2.9253
7,3150,0.0001,2.8347
7,3160,0.0001,3.4291
7,3170,0.0001,3.1527
7,3180,0.0001,3.3546
7,3190,0.0001,3.0646
8,3200,0.0001,3.1453
8,3210,0.0001,3.0844
8,3220,0.0001,2.8999
8,3230,0.0001,2.9359
8,3240,0.0001,3.3271
8,3250,0.0001,3.0227
8,3260,0.0001,3.2287
8,3270,0.0001,3.1339
8,3280,0.0001,3.091
8,3290,0.0001,3.0608
8,3300,0.0001,3.4053
8,3310,0.0001,3.2189
8,3320,0.0001,3.0695
8,3330,0.0001,2.8963
8,3340,0.0001,2.9545
8,3350,0.0001,3.1019
8,3360,0.0001,3.2004
8,3370,0.0001,3.0041
8,3380,0.0001,3.1008
8,3390,0.0001,3.0351
8,3400,0.0001,3.0453
8,3410,0.0001,3.3764
8,3420,0.0001,3.2317
8,3430,0.0001,3.1022
8,3440,0.0001,3.0975
8,3450,0.0001,3.141
8,3460,0.0001,3.2046
8,3470,0.0001,3.2385
8,3480,0.0001,3.2237
8,3490,0.0001,3.0575
8,3500,0.0001,3.0943
8,3510,0.0001,2.9506
8,3520,0.0001,3.1353
8,3530,0.0001,2.8714
8,3540,0.0001,3.0172
8,3550,0.0001,2.8937
8,3560,0.0001,3.0991
8,3570,0.0001,3.3129
8,3580,0.0001,3.1316
8,3590,0.0001,3.39
9,3600,0.0001,3.1858
9,3610,0.0001,3.1134
9,3620,0.0001,2.8878
9,3630,0.0001,2.9848
9,3640,0.0001,3.0285
9,3650,0.0001,2.9375
9,3660,0.0001,3.0008
9,3670,0.0001,3.0156
9,3680,0.0001,3.1699
9,3690,0.0001,2.9923
9,3700,0.0001,3.1363
9,3710,0.0001,3.0483
9,3720,0.0001,2.8252
9,3730,0.0001,3.1066
9,3740,0.0001,3.2494
9,3750,0.0001,3.0423
9,3760,0.0001,2.9916
9,3770,0.0001,3.0896
9,3780,0.0001,2.988
9,3790,0.0001,3.0463
9,3800,0.0001,3.1791
9,3810,0.0001,2.9496
9,3820,0.0001,2.9486
9,3830,0.0001,2.9454
9,3840,0.0001,3.2046
9,3850,0.0001,3.0434
9,3860,0.0001,2.9197
9,3870,0.0001,3.0288
9,3880,0.0001,3.0719
9,3890,0.0001,3.0081
9,3900,0.0001,2.9012
9,3910,0.0001,2.906
9,3920,0.0001,3.1349
9,3930,0.0001,3.0331
9,3940,0.0001,3.0455
9,3950,0.0001,2.8229
9,3960,0.0001,2.6896
9,3970,0.0001,3.0129
9,3980,0.0001,2.9224
9,3990,0.0001,2.8562
10,4000,0.0001,3.0747
10,4010,0.0001,3
10,4020,0.0001,2.9336
10,4030,0.0001,3.0522
10,4040,0.0001,2.8643
10,4050,0.0001,2.8801
10,4060,0.0001,2.7644
10,4070,0.0001,2.8269
10,4080,0.0001,2.9026
10,4090,0.0001,2.9451
10,4100,0.0001,3.0679
10,4110,0.0001,3.0297
10,4120,0.0001,3.0689
10,4130,0.0001,2.8763
10,4140,0.0001,3.3843
10,4150,0.0001,2.8981
10,4160,0.0001,2.8895
10,4170,0.0001,3.1177
10,4180,0.0001,2.9448
10,4190,0.0001,2.9642
10,4200,0.0001,3.018
10,4210,0.0001,3.2924
10,4220,0.0001,2.934
10,4230,0.0001,3.0829
10,4240,0.0001,3.0042
10,4250,0.0001,3.0277
10,4260,0.0001,3.1151
10,4270,0.0001,2.8133
10,4280,0.0001,3.1736
10,4290,0.0001,3.3443
10,4300,0.0001,2.9689
10,4310,0.0001,3.0803
10,4320,0.0001,2.9015
10,4330,0.0001,2.8526
10,4340,0.0001,2.7766
10,4350,0.0001,3.0071
10,4360,0.0001,3.1057
10,4370,0.0001,2.9292
10,4380,0.0001,2.7919
10,4390,0.0001,2.9884
11,4400,0.0001,2.8936
11,4410,0.0001,2.9481
11,4420,0.0001,3.0577
11,4430,0.0001,2.9594
11,4440,0.0001,3.1617
11,4450,0.0001,3.2554
11,4460,0.0001,3.0179
11,4470,0.0001,2.9638
11,4480,0.0001,2.8684
11,4490,0.0001,2.8399
11,4500,0.0001,2.6801
11,4510,0.0001,2.8479
11,4520,0.0001,3.0326
11,4530,0.0001,3.019
11,4540,0.0001,3.1125
11,4550,0.0001,2.8835
11,4560,0.0001,2.8341
11,4570,0.0001,2.7835
11,4580,0.0001,2.8384
11,4590,0.0001,2.9662
11,4600,0.0001,3.0642
11,4610,0.0001,3.022
11,4620,0.0001,2.9003
11,4630,0.0001,2.8458
11,4640,0.0001,3.0192
11,4650,0.0001,2.9817
11,4660,0.0001,2.9658
11,4670,0.0001,3.1746
11,4680,0.0001,2.8286
11,4690,0.0001,2.789
11,4700,0.0001,3.1435
11,4710,0.0001,2.8055
11,4720,0.0001,2.8318
11,4730,0.0001,2.9933
11,4740,0.0001,3.2378
11,4750,0.0001,2.8914
11,4760,0.0001,3.0012
11,4770,0.0001,3.1564
11,4780,0.0001,3.0236
11,4790,0.0001,3.2705
12,4800,0.0001,2.8925
12,4810,0.0001,2.9814
12,4820,0.0001,2.9446
12,4830,0.0001,2.8928
12,4840,0.0001,3.0858
12,4850,0.0001,2.8705
12,4860,0.0001,3.0765
12,4870,0.0001,2.8332
12,4880,0.0001,2.7246
12,4890,0.0001,2.6417
12,4900,0.0001,2.8559
12,4910,0.0001,2.8657
12,4920,0.0001,2.8388
12,4930,0.0001,2.7753
12,4940,0.0001,3.0232
12,4950,0.0001,2.959
12,4960,0.0001,2.9487
12,4970,0.0001,3.1771
12,4980,0.0001,2.9753
12,4990,0.0001,3.0003
12,5000,0.0001,2.9527
12,5010,0.0001,2.91
12,5020,0.0001,2.9382
12,5030,0.0001,2.9384
12,5040,0.0001,3.1039
12,5050,0.0001,3.1132
12,5060,0.0001,3.2978
12,5070,0.0001,3.1307
12,5080,0.0001,2.7276
12,5090,0.0001,3.4229
12,5100,0.0001,2.8382
12,5110,0.0001,2.914
12,5120,0.0001,2.7422
12,5130,0.0001,2.8953
12,5140,0.0001,2.6807
12,5150,0.0001,3.1112
12,5160,0.0001,2.8566
12,5170,0.0001,2.9171
12,5180,0.0001,2.9144
12,5190,0.0001,3.1107
13,5200,0.0001,2.7749
13,5210,0.0001,2.8234
13,5220,0.0001,2.8284
13,5230,0.0001,2.6911
13,5240,0.0001,2.651
13,5250,0.0001,2.8833
13,5260,0.0001,2.7736
13,5270,0.0001,3.0034
13,5280,0.0001,2.8146
13,5290,0.0001,2.8671
13,5300,0.0001,2.8892
13,5310,0.0001,2.982
13,5320,0.0001,2.8966
13,5330,0.0001,3.0808
13,5340,0.0001,2.8722
13,5350,0.0001,2.8094
13,5360,0.0001,3.0663
13,5370,0.0001,2.9745
13,5380,0.0001,2.9448
13,5390,0.0001,2.9854
13,5400,0.0001,2.7652
13,5410,0.0001,3.0209
13,5420,0.0001,3.1002
13,5430,0.0001,2.8578
13,5440,0.0001,2.8446
13,5450,0.0001,2.7119
13,5460,0.0001,2.6928
13,5470,0.0001,3.0153
13,5480,0.0001,2.9355
13,5490,0.0001,2.9256
13,5500,0.0001,3.0273
13,5510,0.0001,2.9968
13,5520,0.0001,2.8895
13,5530,0.0001,2.9898
13,5540,0.0001,2.9375
13,5550,0.0001,2.97
13,5560,0.0001,2.8197
13,5570,0.0001,2.7861
13,5580,0.0001,2.9713
13,5590,0.0001,2.7765
14,5600,0.0001,2.7813
14,5610,0.0001,2.9685
14,5620,0.0001,2.7749
14,5630,0.0001,2.7421
14,5640,0.0001,2.7891
14,5650,0.0001,2.8364
14,5660,0.0001,2.8371
14,5670,0.0001,2.883
14,5680,0.0001,2.8154
14,5690,0.0001,3.0241
14,5700,0.0001,2.8358
14,5710,0.0001,2.7117
14,5720,0.0001,3.0432
14,5730,0.0001,2.7922
14,5740,0.0001,2.849
14,5750,0.0001,2.7462
14,5760,0.0001,3.2693
14,5770,0.0001,2.8805
14,5780,0.0001,2.9727
14,5790,0.0001,2.9225
14,5800,0.0001,3.0197
14,5810,0.0001,2.9739
14,5820,0.0001,3.032
14,5830,0.0001,3.2109
14,5840,0.0001,2.7566
14,5850,0.0001,2.7511
14,5860,0.0001,2.6885
14,5870,0.0001,2.9667
14,5880,0.0001,2.8658
14,5890,0.0001,2.8992
14,5900,0.0001,2.9029
14,5910,0.0001,3.0663
14,5920,0.0001,2.8534
14,5930,0.0001,2.9807
14,5940,0.0001,2.7259
14,5950,0.0001,2.9456
14,5960,0.0001,2.7204
14,5970,0.0001,2.8088
14,5980,0.0001,2.6666
14,5990,0.0001,2.8913
15,6000,0.0001,2.8257
15,6010,0.0001,2.9056
15,6020,0.0001,2.8381
15,6030,0.0001,3.0291
15,6040,0.0001,3.2322
15,6050,0.0001,2.8631
15,6060,0.0001,2.8075
15,6070,0.0001,2.821
15,6080,0.0001,2.8693
15,6090,0.0001,3.1631
15,6100,0.0001,2.7612
15,6110,0.0001,2.8277
15,6120,0.0001,2.9728
15,6130,0.0001,2.8867
15,6140,0.0001,2.7989
15,6150,0.0001,2.7543
15,6160,0.0001,3.0151
15,6170,0.0001,2.8229
15,6180,0.0001,2.8383
15,6190,0.0001,2.7824
15,6200,0.0001,2.8159
15,6210,0.0001,2.9456
15,6220,0.0001,2.8424
15,6230,0.0001,2.8415
15,6240,0.0001,2.7464
15,6250,0.0001,3.0935
15,6260,0.0001,2.9105
15,6270,0.0001,2.8309
15,6280,0.0001,2.8376
15,6290,0.0001,2.7677
15,6300,0.0001,2.8315
15,6310,0.0001,2.7519
15,6320,0.0001,2.9226
15,6330,0.0001,2.6791
15,6340,0.0001,2.9749
15,6350,0.0001,2.989
15,6360,0.0001,3.0524
15,6370,0.0001,2.8213
15,6380,0.0001,2.8489
15,6390,0.0001,2.9176
16,6400,0.0001,2.9627
16,6410,0.0001,2.8801
16,6420,0.0001,2.8993
16,6430,0.0001,2.6627
16,6440,0.0001,2.87
16,6450,0.0001,2.7625
16,6460,0.0001,2.7698
16,6470,0.0001,2.7286
16,6480,0.0001,2.8276
16,6490,0.0001,2.7538
16,6500,0.0001,2.7533
16,6510,0.0001,2.7445
16,6520,0.0001,2.6558
16,6530,0.0001,2.7256
16,6540,0.0001,2.7881
16,6550,0.0001,2.6947
16,6560,0.0001,2.7725
16,6570,0.0001,2.6281
16,6580,0.0001,2.7262
16,6590,0.0001,3.0359
16,6600,0.0001,2.7896
16,6610,0.0001,2.8786
16,6620,0.0001,2.8713
16,6630,0.0001,2.8598
16,6640,0.0001,2.7272
16,6650,0.0001,2.9178
16,6660,0.0001,2.808
16,6670,0.0001,2.7428
16,6680,0.0001,2.9954
16,6690,0.0001,2.6527
16,6700,0.0001,3.0339
16,6710,0.0001,2.8575
16,6720,0.0001,2.9345
16,6730,0.0001,2.7159
16,6740,0.0001,2.903
16,6750,0.0001,2.8
16,6760,0.0001,2.8761
16,6770,0.0001,2.9381
16,6780,0.0001,2.8214
16,6790,0.0001,2.9307
17,6800,0.0001,2.834
17,6810,0.0001,3.0798
17,6820,0.0001,3.3017
17,6830,0.0001,2.8711
17,6840,0.0001,2.9624
17,6850,0.0001,2.928
17,6860,0.0001,2.9649
17,6870,0.0001,3.1978
17,6880,0.0001,2.7444
17,6890,0.0001,2.6827
17,6900,0.0001,2.8058
17,6910,0.0001,2.9277
17,6920,0.0001,2.8554
17,6930,0.0001,2.665
17,6940,0.0001,2.7287
17,6950,0.0001,2.6602
17,6960,0.0001,2.7084
17,6970,0.0001,2.7511
17,6980,0.0001,2.7307
17,6990,0.0001,2.7774
17,7000,0.0001,3.0314
17,7010,0.0001,3.081
17,7020,0.0001,3.0637
17,7030,0.0001,2.8767
17,7040,0.0001,2.8068
17,7050,0.0001,2.7497
17,7060,0.0001,2.6292
17,7070,0.0001,2.9123
17,7080,0.0001,2.9222
17,7090,0.0001,2.6374
17,7100,0.0001,2.7614
17,7110,0.0001,2.9159
17,7120,0.0001,2.7866
17,7130,0.0001,2.83
17,7140,0.0001,2.7207
17,7150,0.0001,3.0203
17,7160,0.0001,2.8482
17,7170,0.0001,2.7571
17,7180,0.0001,2.7545
17,7190,0.0001,3.012
18,7200,0.0001,2.9327
18,7210,0.0001,2.8966
18,7220,0.0001,2.6995
18,7230,0.0001,2.8645
18,7240,0.0001,2.7237
18,7250,0.0001,2.8264
18,7260,0.0001,2.6235
18,7270,0.0001,2.5454
18,7280,0.0001,2.6643
18,7290,0.0001,2.8691
18,7300,0.0001,2.7975
18,7310,0.0001,2.75
18,7320,0.0001,2.918
18,7330,0.0001,2.7839
18,7340,0.0001,2.8315
18,7350,0.0001,2.6358
18,7360,0.0001,2.7529
18,7370,0.0001,2.7777
18,7380,0.0001,2.7244
18,7390,0.0001,3.3029
18,7400,0.0001,3.1149
18,7410,0.0001,2.8955
18,7420,0.0001,2.7697
18,7430,0.0001,2.7157
18,7440,0.0001,2.9691
18,7450,0.0001,2.7613
18,7460,0.0001,2.8259
18,7470,0.0001,2.6126
18,7480,0.0001,2.6779
18,7490,0.0001,2.6563
18,7500,0.0001,2.6288
18,7510,0.0001,2.67
18,7520,0.0001,2.6634
18,7530,0.0001,3.0545
18,7540,0.0001,2.8504
18,7550,0.0001,2.7557
18,7560,0.0001,2.6325
18,7570,0.0001,3.32
18,7580,0.0001,2.7423
18,7590,0.0001,2.5781
19,7600,0.0001,3.136
19,7610,0.0001,2.6691
19,7620,0.0001,2.6314
19,7630,0.0001,2.6716
19,7640,0.0001,2.8778
19,7650,0.0001,2.8476
19,7660,0.0001,2.7807
19,7670,0.0001,2.7924
19,7680,0.0001,2.822
19,7690,0.0001,3.0233
19,7700,0.0001,2.7904
19,7710,0.0001,3.036
19,7720,0.0001,2.739
19,7730,0.0001,2.8003
19,7740,0.0001,2.7659
19,7750,0.0001,2.6125
19,7760,0.0001,2.746
19,7770,0.0001,2.8642
19,7780,0.0001,2.6522
19,7790,0.0001,2.711
19,7800,0.0001,2.842
19,7810,0.0001,2.8189
19,7820,0.0001,2.7321
19,7830,0.0001,2.8511
19,7840,0.0001,2.7529
19,7850,0.0001,2.8567
19,7860,0.0001,2.9512
19,7870,0.0001,3.0383
19,7880,0.0001,2.9805
19,7890,0.0001,3.0884
19,7900,0.0001,2.8206
19,7910,0.0001,2.7162
19,7920,0.0001,2.7421
19,7930,0.0001,3.0197
19,7940,0.0001,2.8132
19,7950,0.0001,2.6766
19,7960,0.0001,3.0157
19,7970,0.0001,2.9096
19,7980,0.0001,2.7203
19,7990,0.0001,2.8529
20,8000,0.0001,2.6896
20,8010,0.0001,2.6262
20,8020,0.0001,2.7774
20,8030,0.0001,2.9643
20,8040,0.0001,2.7361
20,8050,0.0001,2.5479
20,8060,0.0001,3.0462
20,8070,0.0001,2.7305
20,8080,0.0001,2.7984
20,8090,0.0001,2.8533
20,8100,0.0001,3.3067
20,8110,0.0001,3.0247
20,8120,0.0001,2.9344
20,8130,0.0001,2.8434
20,8140,0.0001,2.9483
20,8150,0.0001,2.7985
20,8160,0.0001,2.8371
20,8170,0.0001,2.7021
20,8180,0.0001,2.8794
20,8190,0.0001,2.7311
20,8200,0.0001,2.725
20,8210,0.0001,2.9722
20,8220,0.0001,2.8005
20,8230,0.0001,2.7558
20,8240,0.0001,2.8901
20,8250,0.0001,2.8863
20,8260,0.0001,2.8718
20,8270,0.0001,2.7923
20,8280,0.0001,2.6692
20,8290,0.0001,2.6795
20,8300,0.0001,2.6937
20,8310,0.0001,2.6011
20,8320,0.0001,2.8664
20,8330,0.0001,2.7567
20,8340,0.0001,2.5015
20,8350,0.0001,2.6324
20,8360,0.0001,2.7186
20,8370,0.0001,2.6647
20,8380,0.0001,2.7391
20,8390,0.0001,2.8971
21,8400,0.0001,3.0163
21,8410,0.0001,2.6948
21,8420,0.0001,2.6137
21,8430,0.0001,2.7392
21,8440,0.0001,2.8691
21,8450,0.0001,2.6841
21,8460,0.0001,2.9083
21,8470,0.0001,2.7859
21,8480,0.0001,2.7935
21,8490,0.0001,2.8262
21,8500,0.0001,2.7381
21,8510,0.0001,2.7928
21,8520,0.0001,2.6997
21,8530,0.0001,2.7815
21,8540,0.0001,2.8456
21,8550,0.0001,2.7824
21,8560,0.0001,2.8204
21,8570,0.0001,2.4974
21,8580,0.0001,2.6552
21,8590,0.0001,2.828
21,8600,0.0001,2.8926
21,8610,0.0001,2.8611
21,8620,0.0001,2.6818
21,8630,0.0001,2.8311
21,8640,0.0001,2.6657
21,8650,0.0001,3.006
21,8660,0.0001,2.7708
21,8670,0.0001,2.786
21,8680,0.0001,2.622
21,8690,0.0001,2.6936
21,8700,0.0001,2.83
21,8710,0.0001,2.9488
21,8720,0.0001,2.7971
21,8730,0.0001,2.7484
21,8740,0.0001,2.9168
21,8750,0.0001,2.689
21,8760,0.0001,2.8887
21,8770,0.0001,2.8174
21,8780,0.0001,2.6554
21,8790,0.0001,2.5884
22,8800,0.0001,2.8041
22,8810,0.0001,2.8264
22,8820,0.0001,2.5547
22,8830,0.0001,2.6529
22,8840,0.0001,2.8383
22,8850,0.0001,2.7978
22,8860,0.0001,2.8098
22,8870,0.0001,3.0366
22,8880,0.0001,2.8803
22,8890,0.0001,2.8082
22,8900,0.0001,2.6319
22,8910,0.0001,2.6409
22,8920,0.0001,2.8341
22,8930,0.0001,2.6405
22,8940,0.0001,2.9656
22,8950,0.0001,2.7284
22,8960,0.0001,3.024
22,8970,0.0001,2.9302
22,8980,0.0001,2.8937
22,8990,0.0001,2.623
22,9000,0.0001,2.825
22,9010,0.0001,2.7698
22,9020,0.0001,2.742
22,9030,0.0001,2.9078
22,9040,0.0001,2.681
22,9050,0.0001,2.7113
22,9060,0.0001,2.6826
22,9070,0.0001,2.8153
22,9080,0.0001,3.0135
22,9090,0.0001,2.6387
22,9100,0.0001,2.6123
22,9110,0.0001,2.8354
22,9120,0.0001,2.6754
22,9130,0.0001,2.7371
22,9140,0.0001,2.7154
22,9150,0.0001,3.5555
22,9160,0.0001,2.871
22,9170,0.0001,3.0364
22,9180,0.0001,3.2909
22,9190,0.0001,2.9931
23,9200,0.0001,2.8728
23,9210,0.0001,2.7547
23,9220,0.0001,2.7384
23,9230,0.0001,2.6652
23,9240,0.0001,2.8359
23,9250,0.0001,2.9228
23,9260,0.0001,2.783
23,9270,0.0001,2.6731
23,9280,0.0001,2.7431
23,9290,0.0001,2.6393
23,9300,0.0001,2.6115
23,9310,0.0001,2.7784
23,9320,0.0001,2.7837
23,9330,0.0001,2.6802
23,9340,0.0001,2.5179
23,9350,0.0001,2.7237
23,9360,0.0001,2.8654
23,9370,0.0001,3.1103
23,9380,0.0001,2.6908
23,9390,0.0001,2.5965
23,9400,0.0001,2.6782
23,9410,0.0001,2.8256
23,9420,0.0001,2.7795
23,9430,0.0001,2.6597
23,9440,0.0001,2.7528
23,9450,0.0001,2.6357
23,9460,0.0001,2.9241
23,9470,0.0001,2.8027
23,9480,0.0001,2.8779
23,9490,0.0001,2.811
23,9500,0.0001,2.6783
23,9510,0.0001,2.7436
23,9520,0.0001,2.8309
23,9530,0.0001,2.7257
23,9540,0.0001,2.9143
23,9550,0.0001,2.6716
23,9560,0.0001,2.7447
23,9570,0.0001,2.9151
23,9580,0.0001,2.6746
23,9590,0.0001,2.635
24,9600,0.0001,2.7667
24,9610,0.0001,2.9491
24,9620,0.0001,2.6447
24,9630,0.0001,2.6663
24,9640,0.0001,2.6753
24,9650,0.0001,2.7073
24,9660,0.0001,2.5385
24,9670,0.0001,2.6136
24,9680,0.0001,2.7439
24,9690,0.0001,2.6861
24,9700,0.0001,2.7493
24,9710,0.0001,2.8646
24,9720,0.0001,2.8027
24,9730,0.0001,2.685
24,9740,0.0001,2.8066
24,9750,0.0001,2.5992
24,9760,0.0001,2.8189
24,9770,0.0001,2.6541
24,9780,0.0001,2.6702
24,9790,0.0001,2.7029
24,9800,0.0001,2.9054
24,9810,0.0001,2.7652
24,9820,0.0001,2.711
24,9830,0.0001,2.5551
24,9840,0.0001,2.7877
24,9850,0.0001,2.6019
24,9860,0.0001,2.9841
24,9870,0.0001,2.7371
24,9880,0.0001,2.8464
24,9890,0.0001,2.8044
24,9900,0.0001,2.7829
24,9910,0.0001,2.7457
24,9920,0.0001,2.6769
24,9930,0.0001,2.7938
24,9940,0.0001,2.7226
24,9950,0.0001,2.7624
24,9960,0.0001,2.6289
24,9970,0.0001,2.8964
24,9980,0.0001,2.8834
24,9990,0.0001,2.7976
25,10000,0.0001,2.669
25,10010,0.0001,2.84
25,10020,0.0001,2.726
25,10030,0.0001,2.7325
25,10040,0.0001,2.6868
25,10050,0.0001,2.7451
25,10060,0.0001,2.7992
25,10070,0.0001,2.7967
25,10080,0.0001,2.7836
25,10090,0.0001,2.7242
25,10100,0.0001,3.0885
25,10110,0.0001,2.9769
25,10120,0.0001,2.8439
25,10130,0.0001,2.968
25,10140,0.0001,2.7846
25,10150,0.0001,2.5387
25,10160,0.0001,2.6814
25,10170,0.0001,2.7413
25,10180,0.0001,2.7684
25,10190,0.0001,2.8228
25,10200,0.0001,2.7773
25,10210,0.0001,2.7233
25,10220,0.0001,2.6001
25,10230,0.0001,2.5027
25,10240,0.0001,3.1878
25,10250,0.0001,2.5406
25,10260,0.0001,2.6158
25,10270,0.0001,3.0091
25,10280,0.0001,2.7089
25,10290,0.0001,2.7926
25,10300,0.0001,2.4929
25,10310,0.0001,2.7741
25,10320,0.0001,3.1168
25,10330,0.0001,2.6892
25,10340,0.0001,2.7141
25,10350,0.0001,2.6925
25,10360,0.0001,2.7292
25,10370,0.0001,2.7586
25,10380,0.0001,2.7235
25,10390,0.0001,2.6291
26,10400,0.0001,2.9197
26,10410,0.0001,2.7875
26,10420,0.0001,2.7548
26,10430,0.0001,2.6857
26,10440,0.0001,2.958
26,10450,0.0001,2.5249
26,10460,0.0001,2.6606
26,10470,0.0001,2.7702
26,10480,0.0001,2.8267
26,10490,0.0001,2.7601
26,10500,0.0001,2.5933
26,10510,0.0001,2.676
26,10520,0.0001,2.949
26,10530,0.0001,2.6827
26,10540,0.0001,2.8557
26,10550,0.0001,2.6448
26,10560,0.0001,2.5903
26,10570,0.0001,2.7873
26,10580,0.0001,2.7064
26,10590,0.0001,2.9234
26,10600,0.0001,2.9556
26,10610,0.0001,2.5692
26,10620,0.0001,2.5986
26,10630,0.0001,2.8853
26,10640,0.0001,2.6145
26,10650,0.0001,2.7033
26,10660,0.0001,2.7765
26,10670,0.0001,2.6417
26,10680,0.0001,2.6856
26,10690,0.0001,2.6177
26,10700,0.0001,2.6999
26,10710,0.0001,2.7268
26,10720,0.0001,3.0457
26,10730,0.0001,3.0662
26,10740,0.0001,2.8094
26,10750,0.0001,2.8325
26,10760,0.0001,2.694
26,10770,0.0001,2.7765
26,10780,0.0001,2.796
26,10790,0.0001,2.7353
27,10800,0.0001,2.5033
27,10810,0.0001,2.7947
27,10820,0.0001,2.638
27,10830,0.0001,2.5869
27,10840,0.0001,2.7185
27,10850,0.0001,2.502
27,10860,0.0001,2.7654
27,10870,0.0001,2.6922
27,10880,0.0001,2.8989
27,10890,0.0001,2.948
27,10900,0.0001,2.7165
27,10910,0.0001,2.6837
27,10920,0.0001,2.6727
27,10930,0.0001,2.778
27,10940,0.0001,2.5443
27,10950,0.0001,2.7072
27,10960,0.0001,2.6174
27,10970,0.0001,2.8256
27,10980,0.0001,2.7896
27,10990,0.0001,2.6695
27,11000,0.0001,2.7996
27,11010,0.0001,2.7222
27,11020,0.0001,2.7892
27,11030,0.0001,2.8886
27,11040,0.0001,2.7589
27,11050,0.0001,2.7088
27,11060,0.0001,2.8378
27,11070,0.0001,2.8449
27,11080,0.0001,2.783
27,11090,0.0001,2.6404
27,11100,0.0001,2.6479
27,11110,0.0001,2.7787
27,11120,0.0001,2.6599
27,11130,0.0001,2.8509
27,11140,0.0001,2.58
27,11150,0.0001,2.8258
27,11160,0.0001,2.7146
27,11170,0.0001,2.7774
27,11180,0.0001,2.733
27,11190,0.0001,2.5946
28,11200,0.0001,2.7408
28,11210,0.0001,2.6592
28,11220,0.0001,2.5363
28,11230,0.0001,2.9915
28,11240,0.0001,2.5906
28,11250,0.0001,2.5456
28,11260,0.0001,2.6172
28,11270,0.0001,3.1099
28,11280,0.0001,2.6772
28,11290,0.0001,2.8925
28,11300,0.0001,2.6859
28,11310,0.0001,2.5745
28,11320,0.0001,2.8264
28,11330,0.0001,2.6416
28,11340,0.0001,2.6346
28,11350,0.0001,2.7512
28,11360,0.0001,2.61
28,11370,0.0001,2.9293
28,11380,0.0001,2.6402
28,11390,0.0001,2.7894
28,11400,0.0001,2.5124
28,11410,0.0001,2.7243
28,11420,0.0001,2.7716
28,11430,0.0001,2.6818
28,11440,0.0001,2.7741
28,11450,0.0001,2.4927
28,11460,0.0001,2.6379
28,11470,0.0001,2.5571
28,11480,0.0001,2.7863
28,11490,0.0001,2.6022
28,11500,0.0001,2.8139
28,11510,0.0001,2.6371
28,11520,0.0001,2.8513
28,11530,0.0001,2.5515
28,11540,0.0001,3.0274
28,11550,0.0001,2.6981
28,11560,0.0001,2.7388
28,11570,0.0001,2.5992
28,11580,0.0001,2.5678
28,11590,0.0001,2.6439
29,11600,0.0001,2.6936
29,11610,0.0001,2.6858
29,11620,0.0001,3.0736
29,11630,0.0001,2.7399
29,11640,0.0001,2.6922
29,11650,0.0001,2.6802
29,11660,0.0001,2.6139
29,11670,0.0001,2.5204
29,11680,0.0001,2.867
29,11690,0.0001,2.61
29,11700,0.0001,2.8799
29,11710,0.0001,2.6598
29,11720,0.0001,2.7089
29,11730,0.0001,2.8693
29,11740,0.0001,2.64
29,11750,0.0001,2.7107
29,11760,0.0001,2.8116
29,11770,0.0001,2.5663
29,11780,0.0001,2.8223
29,11790,0.0001,2.669
29,11800,0.0001,2.7352
29,11810,0.0001,2.6464
29,11820,0.0001,2.547
29,11830,0.0001,2.502
29,11840,0.0001,2.639
29,11850,0.0001,2.6693
29,11860,0.0001,2.5306
29,11870,0.0001,2.6237
29,11880,0.0001,2.6594
29,11890,0.0001,2.8038
29,11900,0.0001,2.666
29,11910,0.0001,2.7789
29,11920,0.0001,2.7926
29,11930,0.0001,2.816
29,11940,0.0001,2.5297
29,11950,0.0001,2.7527
29,11960,0.0001,2.6404
29,11970,0.0001,2.6116
29,11980,0.0001,2.5665
29,11990,0.0001,2.6166
30,12000,0.0001,2.8145
30,12010,0.0001,2.7398
30,12020,0.0001,2.5619
30,12030,0.0001,2.916
30,12040,0.0001,2.6743
30,12050,0.0001,2.8649
30,12060,0.0001,2.7118
30,12070,0.0001,2.6664
30,12080,0.0001,2.8743
30,12090,0.0001,2.6623
30,12100,0.0001,2.7523
30,12110,0.0001,2.6388
30,12120,0.0001,2.6075
30,12130,0.0001,2.6378
30,12140,0.0001,2.6341
30,12150,0.0001,2.6771
30,12160,0.0001,2.611
30,12170,0.0001,2.7186
30,12180,0.0001,2.7487
30,12190,0.0001,2.5995
30,12200,0.0001,2.7992
30,12210,0.0001,2.5617
30,12220,0.0001,2.6676
30,12230,0.0001,2.6385
30,12240,0.0001,2.5819
30,12250,0.0001,2.7377
30,12260,0.0001,2.8628
30,12270,0.0001,2.717
30,12280,0.0001,2.696
30,12290,0.0001,2.6501
30,12300,0.0001,2.5468
30,12310,0.0001,2.5012
30,12320,0.0001,2.7786
30,12330,0.0001,2.6904
30,12340,0.0001,2.5739
30,12350,0.0001,2.6348
30,12360,0.0001,2.6135
30,12370,0.0001,2.7216
30,12380,0.0001,2.7011
30,12390,0.0001,2.8158
31,12400,0.0001,2.7356
31,12410,0.0001,2.7676
31,12420,0.0001,2.5388
31,12430,0.0001,2.4667
31,12440,0.0001,2.8142
31,12450,0.0001,2.7997
31,12460,0.0001,2.637
31,12470,0.0001,2.8997
31,12480,0.0001,2.6581
31,12490,0.0001,2.6759
31,12500,0.0001,2.5327
31,12510,0.0001,2.7109
31,12520,0.0001,2.7468
31,12530,0.0001,2.6606
31,12540,0.0001,2.6937
31,12550,0.0001,2.6783
31,12560,0.0001,2.6045
31,12570,0.0001,2.8595
31,12580,0.0001,2.5961
31,12590,0.0001,2.6235
31,12600,0.0001,2.9714
31,12610,0.0001,2.6486
31,12620,0.0001,2.5726
31,12630,0.0001,2.6145
31,12640,0.0001,2.6105
31,12650,0.0001,2.6822
31,12660,0.0001,2.7265
31,12670,0.0001,2.8058
31,12680,0.0001,2.5508
31,12690,0.0001,2.6671
31,12700,0.0001,2.7614
31,12710,0.0001,2.6748
31,12720,0.0001,2.548
31,12730,0.0001,2.537
31,12740,0.0001,2.8025
31,12750,0.0001,2.8009
31,12760,0.0001,2.6361
31,12770,0.0001,2.8405
31,12780,0.0001,2.5915
31,12790,0.0001,2.6722
32,12800,0.0001,2.5456
32,12810,0.0001,2.7444
32,12820,0.0001,2.7504
32,12830,0.0001,2.4422
32,12840,0.0001,2.5748
32,12850,0.0001,2.5949
32,12860,0.0001,2.5528
32,12870,0.0001,2.5754
32,12880,0.0001,2.5768
32,12890,0.0001,2.4811
32,12900,0.0001,2.5593
32,12910,0.0001,2.3997
32,12920,0.0001,2.5564
32,12930,0.0001,2.5786
32,12940,0.0001,2.5829
32,12950,0.0001,2.5051
32,12960,0.0001,2.5827
32,12970,0.0001,2.5335
32,12980,0.0001,2.7776
32,12990,0.0001,2.7226
32,13000,0.0001,2.9417
32,13010,0.0001,2.7312
32,13020,0.0001,2.5694
32,13030,0.0001,2.7299
32,13040,0.0001,2.5213
32,13050,0.0001,2.4849
32,13060,0.0001,2.7526
32,13070,0.0001,2.568
32,13080,0.0001,2.7851
32,13090,0.0001,2.5838
32,13100,0.0001,2.7483
32,13110,0.0001,2.7371
32,13120,0.0001,2.7363
32,13130,0.0001,2.4707
32,13140,0.0001,2.7595
32,13150,0.0001,2.5624
32,13160,0.0001,2.5937
32,13170,0.0001,2.648
32,13180,0.0001,3.1246
32,13190,0.0001,2.8371
33,13200,0.0001,2.7238
33,13210,0.0001,2.596
33,13220,0.0001,2.6199
33,13230,0.0001,2.5603
33,13240,0.0001,2.64
33,13250,0.0001,2.6005
33,13260,0.0001,2.6773
33,13270,0.0001,2.6001
33,13280,0.0001,2.5414
33,13290,0.0001,2.6168
33,13300,0.0001,2.7196
33,13310,0.0001,2.5877
33,13320,0.0001,2.681
33,13330,0.0001,2.9159
33,13340,0.0001,2.5335
33,13350,0.0001,2.6729
33,13360,0.0001,2.7173
33,13370,0.0001,2.5533
33,13380,0.0001,2.4828
33,13390,0.0001,2.5345
33,13400,0.0001,2.5159
33,13410,0.0001,2.5747
33,13420,0.0001,2.5592
33,13430,0.0001,2.5214
33,13440,0.0001,2.5776
33,13450,0.0001,2.3952
33,13460,0.0001,2.4288
33,13470,0.0001,2.5575
33,13480,0.0001,2.8221
33,13490,0.0001,2.6398
33,13500,0.0001,2.4512
33,13510,0.0001,2.6035
33,13520,0.0001,2.8601
33,13530,0.0001,2.8454
33,13540,0.0001,2.6401
33,13550,0.0001,2.6358
33,13560,0.0001,2.7948
33,13570,0.0001,2.4459
33,13580,0.0001,2.5534
33,13590,0.0001,2.6615
34,13600,0.0001,2.8339
34,13610,0.0001,2.6147
34,13620,0.0001,2.5945
34,13630,0.0001,2.5825
34,13640,0.0001,2.6904
34,13650,0.0001,2.5087
34,13660,0.0001,2.5189
34,13670,0.0001,2.814
34,13680,0.0001,2.6995
34,13690,0.0001,2.7598
34,13700,0.0001,2.5933
34,13710,0.0001,2.5403
34,13720,0.0001,2.5087
34,13730,0.0001,2.6323
34,13740,0.0001,2.622
34,13750,0.0001,2.582
34,13760,0.0001,2.488
34,13770,0.0001,2.8044
34,13780,0.0001,2.6299
34,13790,0.0001,2.824
34,13800,0.0001,2.6257
34,13810,0.0001,2.578
34,13820,0.0001,2.7855
34,13830,0.0001,2.8582
34,13840,0.0001,2.5887
34,13850,0.0001,2.9715
34,13860,0.0001,2.5845
34,13870,0.0001,2.9477
34,13880,0.0001,2.6183
34,13890,0.0001,3.0703
34,13900,0.0001,2.7154
34,13910,0.0001,2.5795
34,13920,0.0001,2.8225
34,13930,0.0001,2.5377
34,13940,0.0001,2.7228
34,13950,0.0001,2.566
34,13960,0.0001,2.7156
34,13970,0.0001,2.6388
34,13980,0.0001,2.9955
34,13990,0.0001,2.5679
35,14000,0.0001,2.5147
35,14010,0.0001,2.6766
35,14020,0.0001,2.425
35,14030,0.0001,2.8182
35,14040,0.0001,2.7284
35,14050,0.0001,2.6025
35,14060,0.0001,2.8516
35,14070,0.0001,2.5789
35,14080,0.0001,2.5252
35,14090,0.0001,2.3863
35,14100,0.0001,2.6029
35,14110,0.0001,2.6475
35,14120,0.0001,2.608
35,14130,0.0001,2.6149
35,14140,0.0001,2.5566
35,14150,0.0001,2.8328
35,14160,0.0001,2.5678
35,14170,0.0001,2.6487
35,14180,0.0001,2.8513
35,14190,0.0001,2.5977
35,14200,0.0001,2.6065
35,14210,0.0001,2.5148
35,14220,0.0001,2.6068
35,14230,0.0001,2.5382
35,14240,0.0001,2.5224
35,14250,0.0001,2.4634
35,14260,0.0001,2.5746
35,14270,0.0001,2.443
35,14280,0.0001,2.5748
35,14290,0.0001,2.7092
35,14300,0.0001,2.5997
35,14310,0.0001,2.6443
35,14320,0.0001,2.665
35,14330,0.0001,2.5917
35,14340,0.0001,2.4432
35,14350,0.0001,2.6551
35,14360,0.0001,3.2324
35,14370,0.0001,2.7979
35,14380,0.0001,2.8685
35,14390,0.0001,2.6985
36,14400,0.0001,2.6411
36,14410,0.0001,2.6758
36,14420,0.0001,2.5559
36,14430,0.0001,2.7304
36,14440,0.0001,2.8827
36,14450,0.0001,2.5914
36,14460,0.0001,2.4208
36,14470,0.0001,2.502
36,14480,0.0001,2.5142
36,14490,0.0001,2.5731
36,14500,0.0001,2.4197
36,14510,0.0001,2.5364
36,14520,0.0001,2.5932
36,14530,0.0001,2.4935
36,14540,0.0001,2.4415
36,14550,0.0001,2.6236
36,14560,0.0001,2.637
36,14570,0.0001,2.8128
36,14580,0.0001,2.5166
36,14590,0.0001,2.6074
36,14600,0.0001,2.6098
36,14610,0.0001,2.7985
36,14620,0.0001,2.7539
36,14630,0.0001,2.6648
36,14640,0.0001,2.5894
36,14650,0.0001,2.607
36,14660,0.0001,2.645
36,14670,0.0001,2.6529
36,14680,0.0001,2.8066
36,14690,0.0001,2.5511
36,14700,0.0001,2.7086
36,14710,0.0001,2.8504
36,14720,0.0001,2.6681
36,14730,0.0001,2.8356
36,14740,0.0001,2.5904
36,14750,0.0001,2.8273
36,14760,0.0001,2.5817
36,14770,0.0001,2.6694
36,14780,0.0001,2.5942
36,14790,0.0001,2.7319
37,14800,0.0001,2.5853
37,14810,0.0001,2.6954
37,14820,0.0001,2.7408
37,14830,0.0001,2.5446
37,14840,0.0001,2.7742
37,14850,0.0001,2.5143
37,14860,0.0001,2.4397
37,14870,0.0001,2.72
37,14880,0.0001,2.6099
37,14890,0.0001,2.5943
37,14900,0.0001,2.5834
37,14910,0.0001,2.5228
37,14920,0.0001,2.4013
37,14930,0.0001,2.7646
37,14940,0.0001,2.7382
37,14950,0.0001,2.393
37,14960,0.0001,2.5606
37,14970,0.0001,2.6367
37,14980,0.0001,2.599
37,14990,0.0001,2.3151
37,15000,0.0001,2.6144
37,15010,0.0001,2.5598
37,15020,0.0001,2.6075
37,15030,0.0001,2.4994
37,15040,0.0001,2.4798
37,15050,0.0001,2.6796
37,15060,0.0001,2.4496
37,15070,0.0001,2.6827
37,15080,0.0001,2.4739
37,15090,0.0001,2.5765
37,15100,0.0001,2.9357
37,15110,0.0001,2.6377
37,15120,0.0001,2.5508
37,15130,0.0001,2.6219
37,15140,0.0001,2.5713
37,15150,0.0001,2.6772
37,15160,0.0001,2.6843
37,15170,0.0001,2.4952
37,15180,0.0001,2.4693
37,15190,0.0001,2.5968
38,15200,0.0001,2.8414
38,15210,0.0001,2.6582
38,15220,0.0001,2.5414
38,15230,0.0001,2.6703
38,15240,0.0001,2.6512
38,15250,0.0001,2.5575
38,15260,0.0001,2.7474
38,15270,0.0001,2.4947
38,15280,0.0001,2.5891
38,15290,0.0001,2.6364
38,15300,0.0001,2.3695
38,15310,0.0001,2.7985
38,15320,0.0001,2.6004
38,15330,0.0001,2.6045
38,15340,0.0001,2.7074
38,15350,0.0001,2.654
38,15360,0.0001,2.6318
38,15370,0.0001,2.4039
38,15380,0.0001,2.6349
38,15390,0.0001,2.6112
38,15400,0.0001,2.511
38,15410,0.0001,2.7512
38,15420,0.0001,2.3725
38,15430,0.0001,2.7273
38,15440,0.0001,2.5608
38,15450,0.0001,2.8387
38,15460,0.0001,2.6725
38,15470,0.0001,2.861
38,15480,0.0001,2.8482
38,15490,0.0001,2.6765
38,15500,0.0001,2.6668
38,15510,0.0001,2.4984
38,15520,0.0001,2.5128
38,15530,0.0001,2.561
38,15540,0.0001,2.7886
38,15550,0.0001,2.4834
38,15560,0.0001,2.7146
38,15570,0.0001,2.5555
38,15580,0.0001,3.1003
38,15590,0.0001,2.6697
39,15600,0.0001,2.5495
39,15610,0.0001,2.5158
39,15620,0.0001,2.4543
39,15630,0.0001,2.7045
39,15640,0.0001,2.5262
39,15650,0.0001,2.5658
39,15660,0.0001,2.6821
39,15670,0.0001,2.721
39,15680,0.0001,2.6009
39,15690,0.0001,2.5587
39,15700,0.0001,2.487
39,15710,0.0001,2.5959
39,15720,0.0001,2.575
39,15730,0.0001,2.4668
39,15740,0.0001,2.4867
39,15750,0.0001,2.4539
39,15760,0.0001,2.6282
39,15770,0.0001,2.7195
39,15780,0.0001,2.5546
39,15790,0.0001,2.6891
39,15800,0.0001,2.6375
39,15810,0.0001,2.6969
39,15820,0.0001,2.7574
39,15830,0.0001,2.6503
39,15840,0.0001,2.6495
39,15850,0.0001,2.5847
39,15860,0.0001,2.6787
39,15870,0.0001,2.5196
39,15880,0.0001,2.6045
39,15890,0.0001,2.5184
39,15900,0.0001,2.5686
39,15910,0.0001,2.5563
39,15920,0.0001,2.734
39,15930,0.0001,2.6745
39,15940,0.0001,2.4713
39,15950,0.0001,2.6438
39,15960,0.0001,2.5043
39,15970,0.0001,2.452
39,15980,0.0001,2.5513
39,15990,0.0001,2.6011
40,16000,0.0001,2.6369
40,16010,0.0001,2.4665
40,16020,0.0001,2.8591
40,16030,0.0001,2.5659
40,16040,0.0001,2.6322
40,16050,0.0001,2.779
40,16060,0.0001,2.6128
40,16070,0.0001,2.5417
40,16080,0.0001,2.448
40,16090,0.0001,2.6193
40,16100,0.0001,2.5596
40,16110,0.0001,2.6402
40,16120,0.0001,2.6035
40,16130,0.0001,2.4513
40,16140,0.0001,2.5523
40,16150,0.0001,2.5665
40,16160,0.0001,2.591
40,16170,0.0001,2.6612
40,16180,0.0001,2.4665
40,16190,0.0001,2.5499
40,16200,0.0001,2.533
40,16210,0.0001,2.6007
40,16220,0.0001,2.7878
40,16230,0.0001,2.7234
40,16240,0.0001,2.999
40,16250,0.0001,2.7037
40,16260,0.0001,2.7956
40,16270,0.0001,2.6396
40,16280,0.0001,2.6546
40,16290,0.0001,2.6359
40,16300,0.0001,2.4803
40,16310,0.0001,2.5591
40,16320,0.0001,2.6215
40,16330,0.0001,2.4615
40,16340,0.0001,2.5989
40,16350,0.0001,2.4272
40,16360,0.0001,2.4684
40,16370,0.0001,2.4655
40,16380,0.0001,2.4928
40,16390,0.0001,2.4921
41,16400,0.0001,2.7271
41,16410,0.0001,2.6458
41,16420,0.0001,2.7449
41,16430,0.0001,2.5018
41,16440,0.0001,2.467
41,16450,0.0001,2.4769
41,16460,0.0001,2.82
41,16470,0.0001,2.4529
41,16480,0.0001,2.4162
41,16490,0.0001,2.5895
41,16500,0.0001,2.4989
41,16510,0.0001,2.5785
41,16520,0.0001,2.3935
41,16530,0.0001,2.6503
41,16540,0.0001,2.5528
41,16550,0.0001,2.4778
41,16560,0.0001,2.5884
41,16570,0.0001,2.758
41,16580,0.0001,2.3298
41,16590,0.0001,2.5843
41,16600,0.0001,2.5505
41,16610,0.0001,2.5445
41,16620,0.0001,2.382
41,16630,0.0001,2.7866
41,16640,0.0001,2.4657
41,16650,0.0001,2.5171
41,16660,0.0001,2.4344
41,16670,0.0001,2.6659
41,16680,0.0001,2.483
41,16690,0.0001,2.509
41,16700,0.0001,2.6471
41,16710,0.0001,2.5697
41,16720,0.0001,2.9515
41,16730,0.0001,2.4879
41,16740,0.0001,2.3638
41,16750,0.0001,2.3655
41,16760,0.0001,2.5672
41,16770,0.0001,2.7582
41,16780,0.0001,2.7133
41,16790,0.0001,2.4964
42,16800,0.0001,2.8194
42,16810,0.0001,2.5589
42,16820,0.0001,2.3334
42,16830,0.0001,2.6462
42,16840,0.0001,2.4985
42,16850,0.0001,2.6116
42,16860,0.0001,2.501
42,16870,0.0001,2.5278
42,16880,0.0001,2.4446
42,16890,0.0001,2.5443
42,16900,0.0001,2.6472
42,16910,0.0001,2.8472
42,16920,0.0001,2.3943
42,16930,0.0001,2.5377
42,16940,0.0001,2.5983
42,16950,0.0001,2.5891
42,16960,0.0001,2.4936
42,16970,0.0001,2.6484
42,16980,0.0001,2.4901
42,16990,0.0001,2.5709
42,17000,0.0001,2.6927
42,17010,0.0001,2.6097
42,17020,0.0001,2.6855
42,17030,0.0001,2.4059
42,17040,0.0001,2.5903
42,17050,0.0001,2.5734
42,17060,0.0001,2.8084
42,17070,0.0001,2.5941
42,17080,0.0001,2.3965
42,17090,0.0001,2.4664
42,17100,0.0001,2.5899
42,17110,0.0001,2.6857
42,17120,0.0001,2.7768
42,17130,0.0001,2.519
42,17140,0.0001,2.3963
42,17150,0.0001,2.7506
42,17160,0.0001,2.5097
42,17170,0.0001,2.4979
42,17180,0.0001,2.5569
42,17190,0.0001,2.4848
43,17200,0.0001,2.8886
43,17210,0.0001,2.6595
43,17220,0.0001,2.5042
43,17230,0.0001,2.8667
43,17240,0.0001,2.628
43,17250,0.0001,2.5504
43,17260,0.0001,2.7261
43,17270,0.0001,2.6768
43,17280,0.0001,2.9223
43,17290,0.0001,2.6376
43,17300,0.0001,2.6761
43,17310,0.0001,2.5842
43,17320,0.0001,2.5243
43,17330,0.0001,2.61
43,17340,0.0001,2.4966
43,17350,0.0001,2.6018
43,17360,0.0001,2.5722
43,17370,0.0001,2.4013
43,17380,0.0001,2.6455
43,17390,0.0001,2.6276
43,17400,0.0001,2.5672
43,17410,0.0001,2.5659
43,17420,0.0001,2.4742
43,17430,0.0001,2.5118
43,17440,0.0001,2.5117
43,17450,0.0001,2.4949
43,17460,0.0001,2.6234
43,17470,0.0001,2.5115
43,17480,0.0001,2.5741
43,17490,0.0001,2.3839
43,17500,0.0001,2.7337
43,17510,0.0001,2.5857
43,17520,0.0001,2.5792
43,17530,0.0001,2.449
43,17540,0.0001,2.8191
43,17550,0.0001,2.4692
43,17560,0.0001,2.8101
43,17570,0.0001,2.5853
43,17580,0.0001,2.598
43,17590,0.0001,2.5407
44,17600,0.0001,2.5679
44,17610,0.0001,2.4107
44,17620,0.0001,2.5842
44,17630,0.0001,2.4893
44,17640,0.0001,2.4758
44,17650,0.0001,2.3847
44,17660,0.0001,2.634
44,17670,0.0001,2.838
44,17680,0.0001,2.7296
44,17690,0.0001,2.7347
44,17700,0.0001,2.582
44,17710,0.0001,2.4221
44,17720,0.0001,2.4051
44,17730,0.0001,2.5542
44,17740,0.0001,2.6221
44,17750,0.0001,2.5056
44,17760,0.0001,2.4731
44,17770,0.0001,2.5473
44,17780,0.0001,2.3287
44,17790,0.0001,2.5866
44,17800,0.0001,2.5743
44,17810,0.0001,2.8071
44,17820,0.0001,2.6281
44,17830,0.0001,2.7545
44,17840,0.0001,2.4958
44,17850,0.0001,2.5687
44,17860,0.0001,2.5259
44,17870,0.0001,2.6268
44,17880,0.0001,2.6718
44,17890,0.0001,2.6865
44,17900,0.0001,2.6699
44,17910,0.0001,2.538
44,17920,0.0001,2.6345
44,17930,0.0001,2.6359
44,17940,0.0001,2.7028
44,17950,0.0001,2.5187
44,17960,0.0001,2.5825
44,17970,0.0001,2.5959
44,17980,0.0001,2.4398
44,17990,0.0001,2.681
45,18000,0.0001,2.4677
45,18010,0.0001,2.5402
45,18020,0.0001,2.601
45,18030,0.0001,2.4527
45,18040,0.0001,2.5195
45,18050,0.0001,2.3641
45,18060,0.0001,2.6689
45,18070,0.0001,2.5129
45,18080,0.0001,2.5893
45,18090,0.0001,2.3902
45,18100,0.0001,2.4248
45,18110,0.0001,2.49
45,18120,0.0001,2.5459
45,18130,0.0001,2.5385
45,18140,0.0001,2.4946
45,18150,0.0001,2.5447
45,18160,0.0001,2.7103
45,18170,0.0001,2.4916
45,18180,0.0001,2.5997
45,18190,0.0001,2.3982
45,18200,0.0001,2.5626
45,18210,0.0001,2.5269
45,18220,0.0001,2.6689
45,18230,0.0001,2.6258
45,18240,0.0001,2.6434
45,18250,0.0001,2.5343
45,18260,0.0001,2.5723
45,18270,0.0001,2.5669
45,18280,0.0001,2.6091
45,18290,0.0001,2.6268
45,18300,0.0001,2.6106
45,18310,0.0001,2.5302
45,18320,0.0001,2.5907
45,18330,0.0001,2.6345
45,18340,0.0001,2.6569
45,18350,0.0001,2.557
45,18360,0.0001,2.4221
45,18370,0.0001,2.4713
45,18380,0.0001,2.4821
45,18390,0.0001,2.3344
46,18400,0.0001,2.4815
46,18410,0.0001,2.5003
46,18420,0.0001,2.4185
46,18430,0.0001,2.3843
46,18440,0.0001,2.5542
46,18450,0.0001,2.4625
46,18460,0.0001,2.535
46,18470,0.0001,2.4525
46,18480,0.0001,2.4418
46,18490,0.0001,2.829
46,18500,0.0001,2.4458
46,18510,0.0001,2.6358
46,18520,0.0001,2.4667
46,18530,0.0001,2.5209
46,18540,0.0001,2.4255
46,18550,0.0001,2.3592
46,18560,0.0001,2.5441
46,18570,0.0001,2.4648
46,18580,0.0001,2.478
46,18590,0.0001,2.6948
46,18600,0.0001,2.4322
46,18610,0.0001,2.5323
46,18620,0.0001,2.4981
46,18630,0.0001,2.3484
46,18640,0.0001,2.8732
46,18650,0.0001,2.8585
46,18660,0.0001,2.5194
46,18670,0.0001,2.4848
46,18680,0.0001,2.5107
46,18690,0.0001,2.4208
46,18700,0.0001,2.785
46,18710,0.0001,2.3653
46,18720,0.0001,2.8887
46,18730,0.0001,2.6501
46,18740,0.0001,2.6673
46,18750,0.0001,2.5162
46,18760,0.0001,2.6835
46,18770,0.0001,2.5329
46,18780,0.0001,2.7425
46,18790,0.0001,2.4664
47,18800,0.0001,2.6619
47,18810,0.0001,2.5362
47,18820,0.0001,2.5374
47,18830,0.0001,2.6013
47,18840,0.0001,2.3905
47,18850,0.0001,2.4995
47,18860,0.0001,2.7107
47,18870,0.0001,2.5771
47,18880,0.0001,2.5938
47,18890,0.0001,2.4622
47,18900,0.0001,2.3707
47,18910,0.0001,2.469
47,18920,0.0001,2.7695
47,18930,0.0001,2.6113
47,18940,0.0001,2.4899
47,18950,0.0001,2.6943
47,18960,0.0001,2.514
47,18970,0.0001,2.6602
47,18980,0.0001,2.5056
47,18990,0.0001,2.5201
47,19000,0.0001,2.4908
47,19010,0.0001,2.6398
47,19020,0.0001,2.5508
47,19030,0.0001,3.0225
47,19040,0.0001,2.7021
47,19050,0.0001,2.5835
47,19060,0.0001,2.5975
47,19070,0.0001,2.5076
47,19080,0.0001,2.5689
47,19090,0.0001,2.6266
47,19100,0.0001,2.6181
47,19110,0.0001,2.6223
47,19120,0.0001,2.6289
47,19130,0.0001,2.4384
47,19140,0.0001,2.5226
47,19150,0.0001,2.4714
47,19160,0.0001,2.5243
47,19170,0.0001,2.6986
47,19180,0.0001,2.4962
47,19190,0.0001,2.5246
48,19200,0.0001,2.3286
48,19210,0.0001,2.5986
48,19220,0.0001,2.6256
48,19230,0.0001,2.4177
48,19240,0.0001,2.7052
48,19250,0.0001,2.6521
48,19260,0.0001,2.5618
48,19270,0.0001,2.5512
48,19280,0.0001,2.584
48,19290,0.0001,2.4954
48,19300,0.0001,2.7054
48,19310,0.0001,2.638
48,19320,0.0001,2.3867
48,19330,0.0001,2.5505
48,19340,0.0001,2.532
48,19350,0.0001,2.4933
48,19360,0.0001,2.2786
48,19370,0.0001,2.6384
48,19380,0.0001,2.4771
48,19390,0.0001,2.3985
48,19400,0.0001,2.4641
48,19410,0.0001,2.6179
48,19420,0.0001,2.5582
48,19430,0.0001,2.5731
48,19440,0.0001,2.5212
48,19450,0.0001,2.878
48,19460,0.0001,2.4874
48,19470,0.0001,2.4517
48,19480,0.0001,2.5822
48,19490,0.0001,2.4223
48,19500,0.0001,2.6534
48,19510,0.0001,2.4049
48,19520,0.0001,2.5181
48,19530,0.0001,2.5775
48,19540,0.0001,2.5452
48,19550,0.0001,2.4243
48,19560,0.0001,2.4305
48,19570,0.0001,2.5715
48,19580,0.0001,2.5014
48,19590,0.0001,2.5372
49,19600,0.0001,2.5747
49,19610,0.0001,2.7446
49,19620,0.0001,2.4525
49,19630,0.0001,2.5296
49,19640,0.0001,2.5417
49,19650,0.0001,2.3494
49,19660,0.0001,2.4316
49,19670,0.0001,2.4402
49,19680,0.0001,2.5428
49,19690,0.0001,2.4534
49,19700,0.0001,2.4815
49,19710,0.0001,2.718
49,19720,0.0001,2.5331
49,19730,0.0001,2.4148
49,19740,0.0001,2.6729
49,19750,0.0001,2.4115
49,19760,0.0001,2.4429
49,19770,0.0001,2.5266
49,19780,0.0001,2.7289
49,19790,0.0001,2.4646
49,19800,0.0001,2.3957
49,19810,0.0001,2.7874
49,19820,0.0001,2.441
49,19830,0.0001,2.5184
49,19840,0.0001,2.5592
49,19850,0.0001,2.3838
49,19860,0.0001,2.6873
49,19870,0.0001,3.026
49,19880,0.0001,2.5259
49,19890,0.0001,2.5211
49,19900,0.0001,2.4968
49,19910,0.0001,2.3633
49,19920,0.0001,2.6641
49,19930,0.0001,2.5253
49,19940,0.0001,2.4046
49,19950,0.0001,2.5098
49,19960,0.0001,2.3187
49,19970,0.0001,2.3185
49,19980,0.0001,2.3976
49,19990,0.0001,2.3683
50,20000,0.0001,2.5658
50,20010,0.0001,2.4279
50,20020,0.0001,2.4277
50,20030,0.0001,2.6969
50,20040,0.0001,2.5638
50,20050,0.0001,2.6575
50,20060,0.0001,2.4759
50,20070,0.0001,2.5227
50,20080,0.0001,2.4372
50,20090,0.0001,2.5539
50,20100,0.0001,2.377
50,20110,0.0001,2.4828
50,20120,0.0001,2.4307
50,20130,0.0001,2.5316
50,20140,0.0001,2.4897
50,20150,0.0001,2.5895
50,20160,0.0001,2.5185
50,20170,0.0001,2.4631
50,20180,0.0001,2.4592
50,20190,0.0001,2.3807
50,20200,0.0001,2.3577
50,20210,0.0001,2.2957
50,20220,0.0001,2.5083
50,20230,0.0001,2.4746
50,20240,0.0001,2.4886
50,20250,0.0001,2.4633
50,20260,0.0001,2.4078
50,20270,0.0001,2.5968
50,20280,0.0001,2.5621
50,20290,0.0001,2.6486
50,20300,0.0001,2.4144
50,20310,0.0001,2.5005
50,20320,0.0001,2.5392
50,20330,0.0001,2.5085
50,20340,0.0001,2.7169
50,20350,0.0001,2.496
50,20360,0.0001,2.4115
50,20370,0.0001,2.5464
50,20380,0.0001,2.4004
50,20390,0.0001,2.4714
51,20400,0.0001,2.542
51,20410,0.0001,2.5388
51,20420,0.0001,2.322
51,20430,0.0001,2.4022
51,20440,0.0001,2.4729
51,20450,0.0001,2.3444
51,20460,0.0001,2.7752
51,20470,0.0001,2.6452
51,20480,0.0001,2.4753
51,20490,0.0001,2.488
51,20500,0.0001,2.4098
51,20510,0.0001,2.4925
51,20520,0.0001,2.8872
51,20530,0.0001,2.7651
51,20540,0.0001,2.5189
51,20550,0.0001,2.3282
51,20560,0.0001,2.638
51,20570,0.0001,2.5295
51,20580,0.0001,2.4374
51,20590,0.0001,2.5645
51,20600,0.0001,2.4427
51,20610,0.0001,2.3871
51,20620,0.0001,2.5652
51,20630,0.0001,2.5496
51,20640,0.0001,2.6933
51,20650,0.0001,2.4329
51,20660,0.0001,2.5151
51,20670,0.0001,2.4539
51,20680,0.0001,2.6419
51,20690,0.0001,2.4502
51,20700,0.0001,2.4483
51,20710,0.0001,2.5623
51,20720,0.0001,2.5344
51,20730,0.0001,2.4146
51,20740,0.0001,2.322
51,20750,0.0001,2.39
51,20760,0.0001,2.39
51,20770,0.0001,2.5989
51,20780,0.0001,2.9498
51,20790,0.0001,2.5966
52,20800,0.0001,2.3708
52,20810,0.0001,2.4858
52,20820,0.0001,2.5694
52,20830,0.0001,2.4914
52,20840,0.0001,2.605
52,20850,0.0001,2.6934
52,20860,0.0001,2.4973
52,20870,0.0001,2.4469
52,20880,0.0001,2.4385
52,20890,0.0001,2.524
52,20900,0.0001,2.4119
52,20910,0.0001,2.4688
52,20920,0.0001,2.773
52,20930,0.0001,2.546
52,20940,0.0001,2.3996
52,20950,0.0001,2.4415
52,20960,0.0001,2.6316
52,20970,0.0001,2.5069
52,20980,0.0001,2.53
52,20990,0.0001,2.3919
52,21000,0.0001,2.6773
52,21010,0.0001,2.5363
52,21020,0.0001,2.4106
52,21030,0.0001,2.3757
52,21040,0.0001,2.3146
52,21050,0.0001,2.4009
52,21060,0.0001,2.664
52,21070,0.0001,2.7102
52,21080,0.0001,2.5213
52,21090,0.0001,2.5754
52,21100,0.0001,2.492
52,21110,0.0001,2.4867
52,21120,0.0001,2.3611
52,21130,0.0001,2.4763
52,21140,0.0001,2.6429
52,21150,0.0001,2.3835
52,21160,0.0001,2.4845
52,21170,0.0001,2.4777
52,21180,0.0001,2.5045
52,21190,0.0001,2.7129
53,21200,0.0001,2.504
53,21210,0.0001,2.4172
53,21220,0.0001,2.6866
53,21230,0.0001,2.4795
53,21240,0.0001,2.4789
53,21250,0.0001,2.4807
53,21260,0.0001,2.6995
53,21270,0.0001,2.721
53,21280,0.0001,2.5103
53,21290,0.0001,2.6008
53,21300,0.0001,2.3392
53,21310,0.0001,2.5032
53,21320,0.0001,2.4769
53,21330,0.0001,2.3091
53,21340,0.0001,2.4981
53,21350,0.0001,2.3644
53,21360,0.0001,2.6659
53,21370,0.0001,2.5241
53,21380,0.0001,2.5956
53,21390,0.0001,2.3799
53,21400,0.0001,2.3937
53,21410,0.0001,2.6566
53,21420,0.0001,2.4306
53,21430,0.0001,2.5423
53,21440,0.0001,2.3498
53,21450,0.0001,2.5857
53,21460,0.0001,2.5217
53,21470,0.0001,2.5131
53,21480,0.0001,2.5476
53,21490,0.0001,2.4071
53,21500,0.0001,2.5201
53,21510,0.0001,2.3603
53,21520,0.0001,2.5413
53,21530,0.0001,2.398
53,21540,0.0001,2.862
53,21550,0.0001,2.4818
53,21560,0.0001,2.4881
53,21570,0.0001,2.4843
53,21580,0.0001,2.4034
53,21590,0.0001,2.3725
54,21600,0.0001,2.6459
54,21610,0.0001,2.3107
54,21620,0.0001,2.5231
54,21630,0.0001,2.3663
54,21640,0.0001,2.7259
54,21650,0.0001,2.5169
54,21660,0.0001,2.6377
54,21670,0.0001,2.4821
54,21680,0.0001,2.6685
54,21690,0.0001,2.7935
54,21700,0.0001,2.5496
54,21710,0.0001,2.4067
54,21720,0.0001,2.4338
54,21730,0.0001,2.4403
54,21740,0.0001,2.6298
54,21750,0.0001,2.751
54,21760,0.0001,2.552
54,21770,0.0001,2.5447
54,21780,0.0001,2.581
54,21790,0.0001,2.5009
54,21800,0.0001,2.4214
54,21810,0.0001,2.4889
54,21820,0.0001,2.7146
54,21830,0.0001,2.4999
54,21840,0.0001,2.5939
54,21850,0.0001,2.3157
54,21860,0.0001,2.5475
54,21870,0.0001,2.4202
54,21880,0.0001,2.5771
54,21890,0.0001,2.6327
54,21900,0.0001,2.3142
54,21910,0.0001,2.3487
54,21920,0.0001,2.4158
54,21930,0.0001,3.0729
54,21940,0.0001,2.7683
54,21950,0.0001,2.5539
54,21960,0.0001,2.7186
54,21970,0.0001,2.6114
54,21980,0.0001,2.4898
54,21990,0.0001,2.3308
55,22000,0.0001,2.5396
55,22010,0.0001,2.427
55,22020,0.0001,2.4405
55,22030,0.0001,2.8151
55,22040,0.0001,2.6552
55,22050,0.0001,2.6724
55,22060,0.0001,2.5821
55,22070,0.0001,2.4963
55,22080,0.0001,2.4292
55,22090,0.0001,2.5287
55,22100,0.0001,2.3631
55,22110,0.0001,2.5584
55,22120,0.0001,2.4305
55,22130,0.0001,2.6429
55,22140,0.0001,2.4583
55,22150,0.0001,2.466
55,22160,0.0001,2.6272
55,22170,0.0001,2.6748
55,22180,0.0001,2.4772
55,22190,0.0001,2.487
55,22200,0.0001,2.4895
55,22210,0.0001,2.3644
55,22220,0.0001,2.5556
55,22230,0.0001,2.4255
55,22240,0.0001,2.416
55,22250,0.0001,2.4883
55,22260,0.0001,2.3634
55,22270,0.0001,2.2442
55,22280,0.0001,2.4103
55,22290,0.0001,2.4863
55,22300,0.0001,2.541
55,22310,0.0001,2.6311
55,22320,0.0001,2.6876
55,22330,0.0001,2.4794
55,22340,0.0001,2.4226
55,22350,0.0001,2.4576
55,22360,0.0001,2.6573
55,22370,0.0001,2.4688
55,22380,0.0001,2.4425
55,22390,0.0001,2.5236
56,22400,0.0001,2.4201
56,22410,0.0001,2.462
56,22420,0.0001,2.284
56,22430,0.0001,2.3759
56,22440,0.0001,2.5676
56,22450,0.0001,2.4826
56,22460,0.0001,2.4738
56,22470,0.0001,2.5965
56,22480,0.0001,2.6143
56,22490,0.0001,2.6447
56,22500,0.0001,2.4776
56,22510,0.0001,2.3682
56,22520,0.0001,2.4416
56,22530,0.0001,2.4705
56,22540,0.0001,2.4729
56,22550,0.0001,2.4989
56,22560,0.0001,2.3131
56,22570,0.0001,2.3756
56,22580,0.0001,2.4412
56,22590,0.0001,2.6962
56,22600,0.0001,2.3669
56,22610,0.0001,2.3608
56,22620,0.0001,2.2877
56,22630,0.0001,2.4534
56,22640,0.0001,2.4567
56,22650,0.0001,2.6424
56,22660,0.0001,2.3585
56,22670,0.0001,2.3974
56,22680,0.0001,2.4036
56,22690,0.0001,2.5761
56,22700,0.0001,2.5933
56,22710,0.0001,2.5788
56,22720,0.0001,2.5824
56,22730,0.0001,2.5355
56,22740,0.0001,2.461
56,22750,0.0001,2.4274
56,22760,0.0001,2.3798
56,22770,0.0001,2.5239
56,22780,0.0001,2.4366
56,22790,0.0001,2.4898
57,22800,0.0001,2.5302
57,22810,0.0001,2.3715
57,22820,0.0001,2.4886
57,22830,0.0001,2.4219
57,22840,0.0001,2.3361
57,22850,0.0001,2.5311
57,22860,0.0001,2.5237
57,22870,0.0001,2.4634
57,22880,0.0001,2.3766
57,22890,0.0001,2.5805
57,22900,0.0001,2.281
57,22910,0.0001,2.4528
57,22920,0.0001,2.4869
57,22930,0.0001,2.4786
57,22940,0.0001,2.4627
57,22950,0.0001,2.4737
57,22960,0.0001,2.3573
57,22970,0.0001,2.3388
57,22980,0.0001,2.2832
57,22990,0.0001,2.4684
57,23000,0.0001,2.7532
57,23010,0.0001,2.4511
57,23020,0.0001,2.6204
57,23030,0.0001,2.6102
57,23040,0.0001,2.5455
57,23050,0.0001,2.415
57,23060,0.0001,2.6041
57,23070,0.0001,2.3835
57,23080,0.0001,2.4305
57,23090,0.0001,2.5043
57,23100,0.0001,2.2891
57,23110,0.0001,2.2943
57,23120,0.0001,2.4712
57,23130,0.0001,2.6334
57,23140,0.0001,2.6717
57,23150,0.0001,2.4728
57,23160,0.0001,2.5458
57,23170,0.0001,2.5009
57,23180,0.0001,2.5352
57,23190,0.0001,2.5418
58,23200,0.0001,2.4962
58,23210,0.0001,2.4584
58,23220,0.0001,2.547
58,23230,0.0001,2.5757
58,23240,0.0001,2.7145
58,23250,0.0001,2.3816
58,23260,0.0001,2.3397
58,23270,0.0001,2.4582
58,23280,0.0001,2.3427
58,23290,0.0001,2.5549
58,23300,0.0001,2.4725
58,23310,0.0001,2.4562
58,23320,0.0001,2.1811
58,23330,0.0001,2.4357
58,23340,0.0001,2.4462
58,23350,0.0001,2.6807
58,23360,0.0001,2.456
58,23370,0.0001,2.7568
58,23380,0.0001,2.4354
58,23390,0.0001,2.6638
58,23400,0.0001,2.5169
58,23410,0.0001,2.4728
58,23420,0.0001,2.381
58,23430,0.0001,2.6524
58,23440,0.0001,2.3998
58,23450,0.0001,2.4876
58,23460,0.0001,2.4831
58,23470,0.0001,2.4488
58,23480,0.0001,2.7177
58,23490,0.0001,2.4162
58,23500,0.0001,2.5559
58,23510,0.0001,2.4047
58,23520,0.0001,2.4328
58,23530,0.0001,2.3999
58,23540,0.0001,2.3504
58,23550,0.0001,2.4405
58,23560,0.0001,2.5982
58,23570,0.0001,2.5367
58,23580,0.0001,2.8007
58,23590,0.0001,2.5246
59,23600,0.0001,2.5905
59,23610,0.0001,2.6707
59,23620,0.0001,2.4801
59,23630,0.0001,2.6213
59,23640,0.0001,2.5205
59,23650,0.0001,2.5044
59,23660,0.0001,2.5268
59,23670,0.0001,2.5122
59,23680,0.0001,2.2743
59,23690,0.0001,2.6559
59,23700,0.0001,2.5495
59,23710,0.0001,2.5523
59,23720,0.0001,2.5821
59,23730,0.0001,2.412
59,23740,0.0001,2.425
59,23750,0.0001,2.2572
59,23760,0.0001,2.4605
59,23770,0.0001,2.5209
59,23780,0.0001,2.3969
59,23790,0.0001,2.181
59,23800,0.0001,2.5781
59,23810,0.0001,2.8887
59,23820,0.0001,2.4935
59,23830,0.0001,2.5163
59,23840,0.0001,2.505
59,23850,0.0001,2.4046
59,23860,0.0001,2.5042
59,23870,0.0001,2.5277
59,23880,0.0001,2.2732
59,23890,0.0001,2.3948
59,23900,0.0001,2.3345
59,23910,0.0001,2.544
59,23920,0.0001,2.4205
59,23930,0.0001,2.4247
59,23940,0.0001,2.4543
59,23950,0.0001,2.3631
59,23960,0.0001,2.5338
59,23970,0.0001,2.4009
59,23980,0.0001,2.5409
59,23990,0.0001,2.3993
60,24000,0.0001,2.5823
60,24010,0.0001,2.5871
60,24020,0.0001,2.6777
60,24030,0.0001,2.381
60,24040,0.0001,2.3038
60,24050,0.0001,2.4272
60,24060,0.0001,2.6811
60,24070,0.0001,2.6139
60,24080,0.0001,2.5913
60,24090,0.0001,2.5083
60,24100,0.0001,2.5652
60,24110,0.0001,2.4054
60,24120,0.0001,2.679
60,24130,0.0001,2.4845
60,24140,0.0001,2.3824
60,24150,0.0001,2.4892
60,24160,0.0001,2.3329
60,24170,0.0001,2.5704
60,24180,0.0001,2.4077
60,24190,0.0001,2.5745
60,24200,0.0001,2.4831
60,24210,0.0001,2.5665
60,24220,0.0001,2.4808
60,24230,0.0001,2.3278
60,24240,0.0001,2.4587
60,24250,0.0001,2.4657
60,24260,0.0001,2.8759
60,24270,0.0001,2.5142
60,24280,0.0001,2.9618
60,24290,0.0001,2.615
60,24300,0.0001,2.5479
60,24310,0.0001,2.476
60,24320,0.0001,2.6197
60,24330,0.0001,2.4841
60,24340,0.0001,2.6025
60,24350,0.0001,2.6377
60,24360,0.0001,2.4318
60,24370,0.0001,2.3743
60,24380,0.0001,2.677
60,24390,0.0001,2.4307
61,24400,0.0001,2.4842
61,24410,0.0001,2.4355
61,24420,0.0001,2.3454
61,24430,0.0001,2.5639
61,24440,0.0001,2.4952
61,24450,0.0001,2.5561
61,24460,0.0001,2.3498
61,24470,0.0001,2.3811
61,24480,0.0001,2.403
61,24490,0.0001,2.5485
61,24500,0.0001,2.431
61,24510,0.0001,2.2924
61,24520,0.0001,2.4743
61,24530,0.0001,2.6599
61,24540,0.0001,2.4575
61,24550,0.0001,2.3962
61,24560,0.0001,2.4911
61,24570,0.0001,2.4997
61,24580,0.0001,2.5689
61,24590,0.0001,2.4608
61,24600,0.0001,2.4117
61,24610,0.0001,2.3472
61,24620,0.0001,2.542
61,24630,0.0001,2.496
61,24640,0.0001,2.3772
61,24650,0.0001,2.4247
61,24660,0.0001,2.5352
61,24670,0.0001,2.3926
61,24680,0.0001,2.3855
61,24690,0.0001,2.3637
61,24700,0.0001,2.3785
61,24710,0.0001,2.2575
61,24720,0.0001,2.4644
61,24730,0.0001,2.5602
61,24740,0.0001,2.4622
61,24750,0.0001,2.4614
61,24760,0.0001,2.3502
61,24770,0.0001,2.5696
61,24780,0.0001,2.7619
61,24790,0.0001,2.572
62,24800,0.0001,2.4542
62,24810,0.0001,2.4123
62,24820,0.0001,2.5356
62,24830,0.0001,2.4498
62,24840,0.0001,2.5148
62,24850,0.0001,2.2052
62,24860,0.0001,2.6125
62,24870,0.0001,2.5588
62,24880,0.0001,2.4164
62,24890,0.0001,2.4303
62,24900,0.0001,2.3745
62,24910,0.0001,2.2798
62,24920,0.0001,2.3502
62,24930,0.0001,2.4041
62,24940,0.0001,2.4652
62,24950,0.0001,2.5416
62,24960,0.0001,2.4515
62,24970,0.0001,2.6827
62,24980,0.0001,2.3772
62,24990,0.0001,2.4158
62,25000,0.0001,2.3481
62,25010,0.0001,2.4088
62,25020,0.0001,2.3232
62,25030,0.0001,2.5408
62,25040,0.0001,2.3876
62,25050,0.0001,2.7515
62,25060,0.0001,2.6621
62,25070,0.0001,2.4272
62,25080,0.0001,2.3764
62,25090,0.0001,2.4098
62,25100,0.0001,2.6478
62,25110,0.0001,2.4865
62,25120,0.0001,2.492
62,25130,0.0001,2.4073
62,25140,0.0001,2.5815
62,25150,0.0001,2.5096
62,25160,0.0001,2.4627
62,25170,0.0001,2.523
62,25180,0.0001,2.4791
62,25190,0.0001,2.4723
63,25200,0.0001,2.4421
63,25210,0.0001,2.4457
63,25220,0.0001,2.5201
63,25230,0.0001,2.4668
63,25240,0.0001,2.4528
63,25250,0.0001,2.3446
63,25260,0.0001,2.4452
63,25270,0.0001,2.325
63,25280,0.0001,2.59
63,25290,0.0001,2.555
63,25300,0.0001,2.5368
63,25310,0.0001,2.4375
63,25320,0.0001,2.606
63,25330,0.0001,2.445
63,25340,0.0001,2.3519
63,25350,0.0001,2.4745
63,25360,0.0001,2.5205
63,25370,0.0001,2.4126
63,25380,0.0001,2.5603
63,25390,0.0001,2.3774
63,25400,0.0001,2.3086
63,25410,0.0001,2.4479
63,25420,0.0001,2.3651
63,25430,0.0001,2.422
63,25440,0.0001,2.3192
63,25450,0.0001,2.3746
63,25460,0.0001,2.5322
63,25470,0.0001,2.5689
63,25480,0.0001,2.5968
63,25490,0.0001,2.3078
63,25500,0.0001,2.4589
63,25510,0.0001,2.3671
63,25520,0.0001,2.6096
63,25530,0.0001,2.3794
63,25540,0.0001,2.4209
63,25550,0.0001,2.3809
63,25560,0.0001,2.5895
63,25570,0.0001,2.4242
63,25580,0.0001,2.3884
63,25590,0.0001,2.433
64,25600,0.0001,2.4558
64,25610,0.0001,2.4025
64,25620,0.0001,2.4302
64,25630,0.0001,2.4626
64,25640,0.0001,2.4515
64,25650,0.0001,2.353
64,25660,0.0001,2.6433
64,25670,0.0001,2.4767
64,25680,0.0001,2.4383
64,25690,0.0001,2.4751
64,25700,0.0001,2.4332
64,25710,0.0001,2.2396
64,25720,0.0001,2.3376
64,25730,0.0001,2.3732
64,25740,0.0001,2.513
64,25750,0.0001,2.4106
64,25760,0.0001,2.3424
64,25770,0.0001,2.4973
64,25780,0.0001,2.4266
64,25790,0.0001,2.422
64,25800,0.0001,2.3044
64,25810,0.0001,2.4831
64,25820,0.0001,2.4158
64,25830,0.0001,2.3657
64,25840,0.0001,2.5446
64,25850,0.0001,2.5093
64,25860,0.0001,2.3755
64,25870,0.0001,2.4454
64,25880,0.0001,2.2539
64,25890,0.0001,2.4523
64,25900,0.0001,2.5062
64,25910,0.0001,2.5399
64,25920,0.0001,2.5124
64,25930,0.0001,2.3841
64,25940,0.0001,2.5474
64,25950,0.0001,2.5296
64,25960,0.0001,2.3662
64,25970,0.0001,2.6887
64,25980,0.0001,2.2598
64,25990,0.0001,2.7841
65,26000,0.0001,2.56
65,26010,0.0001,2.4326
65,26020,0.0001,2.4502
65,26030,0.0001,2.3303
65,26040,0.0001,2.5647
65,26050,0.0001,2.2711
65,26060,0.0001,2.4462
65,26070,0.0001,2.4838
65,26080,0.0001,2.4372
65,26090,0.0001,2.4946
65,26100,0.0001,2.6873
65,26110,0.0001,2.5423
65,26120,0.0001,2.6128
65,26130,0.0001,2.5673
65,26140,0.0001,2.5097
65,26150,0.0001,2.5032
65,26160,0.0001,2.4864
65,26170,0.0001,2.5153
65,26180,0.0001,2.6455
65,26190,0.0001,2.3645
65,26200,0.0001,2.4093
65,26210,0.0001,2.6133
65,26220,0.0001,2.4899
65,26230,0.0001,2.3578
65,26240,0.0001,2.3805
65,26250,0.0001,2.3696
65,26260,0.0001,2.4904
65,26270,0.0001,2.3628
65,26280,0.0001,2.6415
65,26290,0.0001,2.4921
65,26300,0.0001,2.5128
65,26310,0.0001,2.3075
65,26320,0.0001,2.6057
65,26330,0.0001,2.536
65,26340,0.0001,2.452
65,26350,0.0001,2.4989
65,26360,0.0001,2.4261
65,26370,0.0001,2.4065
65,26380,0.0001,2.7474
65,26390,0.0001,2.3292
66,26400,0.0001,2.3224
66,26410,0.0001,2.4324
66,26420,0.0001,2.5137
66,26430,0.0001,2.2414
66,26440,0.0001,2.5702
66,26450,0.0001,2.325
66,26460,0.0001,2.5135
66,26470,0.0001,2.6072
66,26480,0.0001,2.4202
66,26490,0.0001,2.4349
66,26500,0.0001,2.4982
66,26510,0.0001,2.4079
66,26520,0.0001,2.3826
66,26530,0.0001,2.502
66,26540,0.0001,2.5129
66,26550,0.0001,2.536
66,26560,0.0001,2.3444
66,26570,0.0001,2.2417
66,26580,0.0001,2.4026
66,26590,0.0001,2.2474
66,26600,0.0001,2.5207
66,26610,0.0001,2.7158
66,26620,0.0001,2.5332
66,26630,0.0001,2.3291
66,26640,0.0001,2.342
66,26650,0.0001,2.4326
66,26660,0.0001,2.4481
66,26670,0.0001,2.5343
66,26680,0.0001,2.3584
66,26690,0.0001,2.4674
66,26700,0.0001,2.3876
66,26710,0.0001,2.3501
66,26720,0.0001,2.4437
66,26730,0.0001,2.3031
66,26740,0.0001,2.305
66,26750,0.0001,2.5207
66,26760,0.0001,2.3283
66,26770,0.0001,2.6972
66,26780,0.0001,2.5824
66,26790,0.0001,2.5575
67,26800,0.0001,2.4533
67,26810,0.0001,2.492
67,26820,0.0001,2.609
67,26830,0.0001,2.4845
67,26840,0.0001,2.5848
67,26850,0.0001,2.791
67,26860,0.0001,2.3971
67,26870,0.0001,2.4085
67,26880,0.0001,2.5194
67,26890,0.0001,2.4797
67,26900,0.0001,2.6726
67,26910,0.0001,2.3561
67,26920,0.0001,2.4031
67,26930,0.0001,2.2133
67,26940,0.0001,2.4582
67,26950,0.0001,2.4403
67,26960,0.0001,2.2767
67,26970,0.0001,2.5041
67,26980,0.0001,2.3395
67,26990,0.0001,2.4506
67,27000,0.0001,2.4504
67,27010,0.0001,2.4439
67,27020,0.0001,2.3985
67,27030,0.0001,2.3665
67,27040,0.0001,2.5444
67,27050,0.0001,2.2674
67,27060,0.0001,2.3143
67,27070,0.0001,2.4148
67,27080,0.0001,2.3034
67,27090,0.0001,2.4591
67,27100,0.0001,2.3807
67,27110,0.0001,2.571
67,27120,0.0001,2.3601
67,27130,0.0001,2.4421
67,27140,0.0001,2.3291
67,27150,0.0001,2.3452
67,27160,0.0001,2.3976
67,27170,0.0001,2.41
67,27180,0.0001,2.3627
67,27190,0.0001,2.6708
68,27200,0.0001,2.3374
68,27210,0.0001,2.5272
68,27220,0.0001,2.3147
68,27230,0.0001,2.4215
68,27240,0.0001,2.4367
68,27250,0.0001,2.5486
68,27260,0.0001,2.5515
68,27270,0.0001,2.3785
68,27280,0.0001,2.4111
68,27290,0.0001,2.4135
68,27300,0.0001,2.4938
68,27310,0.0001,2.416
68,27320,0.0001,2.3998
68,27330,0.0001,2.2979
68,27340,0.0001,2.3271
68,27350,0.0001,2.2868
68,27360,0.0001,2.5595
68,27370,0.0001,2.7275
68,27380,0.0001,2.485
68,27390,0.0001,2.5312
68,27400,0.0001,2.414
68,27410,0.0001,2.3387
68,27420,0.0001,2.6732
68,27430,0.0001,2.7002
68,27440,0.0001,2.5246
68,27450,0.0001,2.3018
68,27460,0.0001,2.4243
68,27470,0.0001,2.4137
68,27480,0.0001,2.2776
68,27490,0.0001,2.4495
68,27500,0.0001,2.4498
68,27510,0.0001,2.2254
68,27520,0.0001,2.2879
68,27530,0.0001,2.4332
68,27540,0.0001,2.552
68,27550,0.0001,2.4345
68,27560,0.0001,2.4412
68,27570,0.0001,2.4017
68,27580,0.0001,2.3895
68,27590,0.0001,2.5302
69,27600,0.0001,2.3352
69,27610,0.0001,2.3958
69,27620,0.0001,2.412
69,27630,0.0001,2.4334
69,27640,0.0001,2.3614
69,27650,0.0001,2.7264
69,27660,0.0001,2.5296
69,27670,0.0001,2.4416
69,27680,0.0001,2.3905
69,27690,0.0001,2.3792
69,27700,0.0001,2.3359
69,27710,0.0001,2.2164
69,27720,0.0001,2.4459
69,27730,0.0001,2.4529
69,27740,0.0001,2.601
69,27750,0.0001,2.4919
69,27760,0.0001,2.744
69,27770,0.0001,2.2333
69,27780,0.0001,2.4777
69,27790,0.0001,2.411
69,27800,0.0001,2.5161
69,27810,0.0001,2.5218
69,27820,0.0001,2.264
69,27830,0.0001,2.319
69,27840,0.0001,2.2181
69,27850,0.0001,2.5545
69,27860,0.0001,2.4878
69,27870,0.0001,2.3524
69,27880,0.0001,2.3709
69,27890,0.0001,2.5427
69,27900,0.0001,2.3917
69,27910,0.0001,2.3608
69,27920,0.0001,2.5183
69,27930,0.0001,2.2857
69,27940,0.0001,2.419
69,27950,0.0001,2.4896
69,27960,0.0001,2.4811
69,27970,0.0001,2.4821
69,27980,0.0001,2.4607
69,27990,0.0001,2.3059
70,28000,0.0001,2.2073
70,28010,0.0001,2.2721
70,28020,0.0001,2.643
70,28030,0.0001,2.278
70,28040,0.0001,2.3853
70,28050,0.0001,2.4792
70,28060,0.0001,2.508
70,28070,0.0001,2.3672
70,28080,0.0001,2.3238
70,28090,0.0001,2.4963
70,28100,0.0001,2.34
70,28110,0.0001,2.4287
70,28120,0.0001,2.4376
70,28130,0.0001,2.5961
70,28140,0.0001,2.3446
70,28150,0.0001,2.7924
70,28160,0.0001,2.3162
70,28170,0.0001,2.4322
70,28180,0.0001,2.4592
70,28190,0.0001,2.3761
70,28200,0.0001,2.3851
70,28210,0.0001,2.3589
70,28220,0.0001,2.5913
70,28230,0.0001,2.3937
70,28240,0.0001,2.8459
70,28250,0.0001,2.4897
70,28260,0.0001,2.4759
70,28270,0.0001,2.402
70,28280,0.0001,2.6807
70,28290,0.0001,2.4686
70,28300,0.0001,2.5808
70,28310,0.0001,2.4905
70,28320,0.0001,2.3305
70,28330,0.0001,2.34
70,28340,0.0001,2.3041
70,28350,0.0001,2.415
70,28360,0.0001,2.6207
70,28370,0.0001,2.2958
70,28380,0.0001,2.3133
70,28390,0.0001,2.5711
71,28400,0.0001,2.4266
71,28410,0.0001,2.3537
71,28420,0.0001,2.5371
71,28430,0.0001,2.3844
71,28440,0.0001,2.3571
71,28450,0.0001,2.414
71,28460,0.0001,2.6967
71,28470,0.0001,2.5974
71,28480,0.0001,2.4443
71,28490,0.0001,2.5833
71,28500,0.0001,2.4762
71,28510,0.0001,2.455
71,28520,0.0001,2.3947
71,28530,0.0001,2.2781
71,28540,0.0001,2.5262
71,28550,0.0001,2.3222
71,28560,0.0001,2.5295
71,28570,0.0001,2.4972
71,28580,0.0001,2.3868
71,28590,0.0001,2.3388
71,28600,0.0001,2.5309
71,28610,0.0001,2.4266
71,28620,0.0001,2.2905
71,28630,0.0001,2.0753
71,28640,0.0001,2.5475
71,28650,0.0001,2.3901
71,28660,0.0001,2.4513
71,28670,0.0001,2.2806
71,28680,0.0001,2.3538
71,28690,0.0001,2.3989
71,28700,0.0001,2.2353
71,28710,0.0001,2.4843
71,28720,0.0001,2.3277
71,28730,0.0001,2.4606
71,28740,0.0001,2.3514
71,28750,0.0001,2.3136
71,28760,0.0001,2.3
71,28770,0.0001,2.3374
71,28780,0.0001,2.3296
71,28790,0.0001,2.3425
72,28800,0.0001,2.3176
72,28810,0.0001,2.3838
72,28820,0.0001,2.3328
72,28830,0.0001,2.3614
72,28840,0.0001,2.5353
72,28850,0.0001,2.258
72,28860,0.0001,2.4369
72,28870,0.0001,2.4083
72,28880,0.0001,2.2659
72,28890,0.0001,2.5699
72,28900,0.0001,2.5711
72,28910,0.0001,2.4468
72,28920,0.0001,2.534
72,28930,0.0001,2.2928
72,28940,0.0001,2.4431
72,28950,0.0001,2.3437
72,28960,0.0001,2.4881
72,28970,0.0001,2.468
72,28980,0.0001,2.4314
72,28990,0.0001,2.4775
72,29000,0.0001,2.6984
72,29010,0.0001,2.3215
72,29020,0.0001,2.4729
72,29030,0.0001,2.352
72,29040,0.0001,2.4586
72,29050,0.0001,2.5584
72,29060,0.0001,2.3937
72,29070,0.0001,2.4496
72,29080,0.0001,2.4386
72,29090,0.0001,2.6054
72,29100,0.0001,2.5366
72,29110,0.0001,2.5225
72,29120,0.0001,2.4106
72,29130,0.0001,2.4245
72,29140,0.0001,2.3119
72,29150,0.0001,2.367
72,29160,0.0001,2.2687
72,29170,0.0001,2.4975
72,29180,0.0001,2.2416
72,29190,0.0001,2.656
73,29200,0.0001,2.3033
73,29210,0.0001,2.3344
73,29220,0.0001,2.3494
73,29230,0.0001,2.5655
73,29240,0.0001,2.7338
73,29250,0.0001,2.4064
73,29260,0.0001,2.3871
73,29270,0.0001,2.5724
73,29280,0.0001,2.6056
73,29290,0.0001,2.5958
73,29300,0.0001,2.5543
73,29310,0.0001,2.4101
73,29320,0.0001,2.4486
73,29330,0.0001,2.3339
73,29340,0.0001,2.4848
73,29350,0.0001,2.4793
73,29360,0.0001,2.3828
73,29370,0.0001,2.407
73,29380,0.0001,2.3774
73,29390,0.0001,2.5406
73,29400,0.0001,2.2741
73,29410,0.0001,2.4547
73,29420,0.0001,2.3709
73,29430,0.0001,2.294
73,29440,0.0001,2.7177
73,29450,0.0001,2.3075
73,29460,0.0001,2.5217
73,29470,0.0001,2.4255
73,29480,0.0001,2.5596
73,29490,0.0001,2.5812
73,29500,0.0001,2.5352
73,29510,0.0001,2.5702
73,29520,0.0001,2.4006
73,29530,0.0001,2.5184
73,29540,0.0001,2.5236
73,29550,0.0001,2.3171
73,29560,0.0001,2.3298
73,29570,0.0001,2.5146
73,29580,0.0001,2.3328
73,29590,0.0001,2.1539
74,29600,0.0001,2.6218
74,29610,0.0001,2.332
74,29620,0.0001,2.5396
74,29630,0.0001,2.4906
74,29640,0.0001,2.5882
74,29650,0.0001,2.4229
74,29660,0.0001,2.3054
74,29670,0.0001,2.4692
74,29680,0.0001,2.4351
74,29690,0.0001,2.4897
74,29700,0.0001,2.4021
74,29710,0.0001,2.275
74,29720,0.0001,2.2838
74,29730,0.0001,2.3349
74,29740,0.0001,2.3205
74,29750,0.0001,2.3582
74,29760,0.0001,2.3887
74,29770,0.0001,2.6807
74,29780,0.0001,2.45
74,29790,0.0001,2.51
74,29800,0.0001,2.4905
74,29810,0.0001,2.4688
74,29820,0.0001,2.3275
74,29830,0.0001,2.3657
74,29840,0.0001,2.7457
74,29850,0.0001,2.5877
74,29860,0.0001,2.5366
74,29870,0.0001,2.3264
74,29880,0.0001,2.3173
74,29890,0.0001,2.3326
74,29900,0.0001,2.6188
74,29910,0.0001,2.2936
74,29920,0.0001,2.4631
74,29930,0.0001,2.4347
74,29940,0.0001,2.419
74,29950,0.0001,2.6049
74,29960,0.0001,2.5485
74,29970,0.0001,2.5037
74,29980,0.0001,2.3024
74,29990,0.0001,2.5349
75,30000,0.0001,2.3624
75,30010,0.0001,2.4405
75,30020,0.0001,2.4322
75,30030,0.0001,2.3099
75,30040,0.0001,2.4261
75,30050,0.0001,2.4607
75,30060,0.0001,2.4711
75,30070,0.0001,2.3824
75,30080,0.0001,2.3883
75,30090,0.0001,2.3709
75,30100,0.0001,2.4535
75,30110,0.0001,2.2508
75,30120,0.0001,2.3202
75,30130,0.0001,2.5573
75,30140,0.0001,2.3195
75,30150,0.0001,2.3455
75,30160,0.0001,2.2418
75,30170,0.0001,2.3316
75,30180,0.0001,2.2899
75,30190,0.0001,2.2773
75,30200,0.0001,2.3641
75,30210,0.0001,2.2604
75,30220,0.0001,2.29
75,30230,0.0001,2.531
75,30240,0.0001,2.3855
75,30250,0.0001,2.2447
75,30260,0.0001,2.3443
75,30270,0.0001,2.5554
75,30280,0.0001,2.3606
75,30290,0.0001,2.3572
75,30300,0.0001,2.6859
75,30310,0.0001,2.3151
75,30320,0.0001,2.3953
75,30330,0.0001,2.3353
75,30340,0.0001,2.4235
75,30350,0.0001,2.4459
75,30360,0.0001,2.3975
75,30370,0.0001,2.4102
75,30380,0.0001,2.2849
75,30390,0.0001,2.3879
76,30400,0.0001,2.25
76,30410,0.0001,2.3161
76,30420,0.0001,2.5298
76,30430,0.0001,2.3918
76,30440,0.0001,2.2387
76,30450,0.0001,2.3768
76,30460,0.0001,2.5161
76,30470,0.0001,2.5567
76,30480,0.0001,2.3107
76,30490,0.0001,2.2299
76,30500,0.0001,2.4035
76,30510,0.0001,2.422
76,30520,0.0001,2.5979
76,30530,0.0001,2.5593
76,30540,0.0001,2.5069
76,30550,0.0001,2.4015
76,30560,0.0001,2.426
76,30570,0.0001,2.449
76,30580,0.0001,2.4287
76,30590,0.0001,2.2877
76,30600,0.0001,2.4028
76,30610,0.0001,2.4641
76,30620,0.0001,2.2595
76,30630,0.0001,2.2715
76,30640,0.0001,2.3954
76,30650,0.0001,2.3692
76,30660,0.0001,2.5439
76,30670,0.0001,2.5647
76,30680,0.0001,2.3494
76,30690,0.0001,2.5078
76,30700,0.0001,2.3052
76,30710,0.0001,2.3938
76,30720,0.0001,2.3577
76,30730,0.0001,2.8558
76,30740,0.0001,2.4274
76,30750,0.0001,2.3082
76,30760,0.0001,2.3011
76,30770,0.0001,2.4158
76,30780,0.0001,2.3547
76,30790,0.0001,2.2433
77,30800,0.0001,2.5588
77,30810,0.0001,2.4443
77,30820,0.0001,2.395
77,30830,0.0001,2.2176
77,30840,0.0001,2.4745
77,30850,0.0001,2.1784
77,30860,0.0001,2.4408
77,30870,0.0001,2.3486
77,30880,0.0001,2.391
77,30890,0.0001,2.3399
77,30900,0.0001,2.3912
77,30910,0.0001,2.4204
77,30920,0.0001,2.6034
77,30930,0.0001,2.3422
77,30940,0.0001,2.3558
77,30950,0.0001,2.6139
77,30960,0.0001,2.2855
77,30970,0.0001,2.4909
77,30980,0.0001,2.5178
77,30990,0.0001,2.4301
77,31000,0.0001,2.2741
77,31010,0.0001,2.3996
77,31020,0.0001,2.2106
77,31030,0.0001,2.3733
77,31040,0.0001,2.4158
77,31050,0.0001,2.3815
77,31060,0.0001,2.444
77,31070,0.0001,2.4917
77,31080,0.0001,2.3776
77,31090,0.0001,2.4844
77,31100,0.0001,2.4722
77,31110,0.0001,2.4542
77,31120,0.0001,2.5195
77,31130,0.0001,2.4198
77,31140,0.0001,2.6124
77,31150,0.0001,2.4178
77,31160,0.0001,2.4115
77,31170,0.0001,2.4296
77,31180,0.0001,2.4241
77,31190,0.0001,2.4982
78,31200,0.0001,2.5145
78,31210,0.0001,2.5102
78,31220,0.0001,2.4447
78,31230,0.0001,2.3457
78,31240,0.0001,2.235
78,31250,0.0001,2.3986
78,31260,0.0001,2.3826
78,31270,0.0001,2.2611
78,31280,0.0001,2.2577
78,31290,0.0001,2.4671
78,31300,0.0001,2.3283
78,31310,0.0001,2.3766
78,31320,0.0001,2.5098
78,31330,0.0001,2.3925
78,31340,0.0001,2.3079
78,31350,0.0001,2.4498
78,31360,0.0001,2.2361
78,31370,0.0001,2.291
78,31380,0.0001,2.3453
78,31390,0.0001,2.3488
78,31400,0.0001,2.2284
78,31410,0.0001,2.4737
78,31420,0.0001,2.2316
78,31430,0.0001,2.4246
78,31440,0.0001,2.377
78,31450,0.0001,2.3626
78,31460,0.0001,2.463
78,31470,0.0001,2.48
78,31480,0.0001,2.4294
78,31490,0.0001,2.3861
78,31500,0.0001,2.2559
78,31510,0.0001,2.2886
78,31520,0.0001,2.5318
78,31530,0.0001,2.3382
78,31540,0.0001,2.2729
78,31550,0.0001,2.377
78,31560,0.0001,2.3384
78,31570,0.0001,2.3948
78,31580,0.0001,2.21
78,31590,0.0001,2.3422
79,31600,0.0001,2.4189
79,31610,0.0001,2.3428
79,31620,0.0001,2.4754
79,31630,0.0001,2.35
79,31640,0.0001,2.3747
79,31650,0.0001,2.5523
79,31660,0.0001,2.4668
79,31670,0.0001,2.4057
79,31680,0.0001,2.4888
79,31690,0.0001,2.239
79,31700,0.0001,2.5184
79,31710,0.0001,2.5251
79,31720,0.0001,2.513
79,31730,0.0001,2.4041
79,31740,0.0001,2.5236
79,31750,0.0001,2.4596
79,31760,0.0001,2.3594
79,31770,0.0001,2.3309
79,31780,0.0001,2.4369
79,31790,0.0001,2.514
79,31800,0.0001,2.4223
79,31810,0.0001,2.5564
79,31820,0.0001,2.3947
79,31830,0.0001,2.3819
79,31840,0.0001,2.3549
79,31850,0.0001,2.4045
79,31860,0.0001,2.2299
79,31870,0.0001,2.4282
79,31880,0.0001,2.2807
79,31890,0.0001,2.7557
79,31900,0.0001,2.5466
79,31910,0.0001,2.395
79,31920,0.0001,2.4412
79,31930,0.0001,2.3894
79,31940,0.0001,2.3262
79,31950,0.0001,2.4491
79,31960,0.0001,2.3306
79,31970,0.0001,2.2839
79,31980,0.0001,2.1765
79,31990,0.0001,2.5168
80,32000,0.0001,2.2325
80,32010,0.0001,2.3776
80,32020,0.0001,2.4479
80,32030,0.0001,2.332
80,32040,0.0001,2.3539
80,32050,0.0001,2.3031
80,32060,0.0001,2.2834
80,32070,0.0001,2.3248
80,32080,0.0001,2.2053
80,32090,0.0001,2.6466
80,32100,0.0001,2.395
80,32110,0.0001,2.5644
80,32120,0.0001,2.2335
80,32130,0.0001,2.5731
80,32140,0.0001,2.4768
80,32150,0.0001,2.3559
80,32160,0.0001,2.3355
80,32170,0.0001,2.3173
80,32180,0.0001,2.5225
80,32190,0.0001,2.3043
80,32200,0.0001,2.3063
80,32210,0.0001,2.6791
80,32220,0.0001,2.4905
80,32230,0.0001,2.5662
80,32240,0.0001,2.4632
80,32250,0.0001,2.4347
80,32260,0.0001,2.5384
80,32270,0.0001,2.3815
80,32280,0.0001,2.3971
80,32290,0.0001,2.3386
80,32300,0.0001,2.5046
80,32310,0.0001,2.2939
80,32320,0.0001,2.3946
80,32330,0.0001,2.2728
80,32340,0.0001,2.3602
80,32350,0.0001,2.5834
80,32360,0.0001,2.2414
80,32370,0.0001,2.2977
80,32380,0.0001,2.4705
80,32390,0.0001,2.365
81,32400,0.0001,2.6044
81,32410,0.0001,2.3116
81,32420,0.0001,2.2792
81,32430,0.0001,2.3825
81,32440,0.0001,2.264
81,32450,0.0001,2.1288
81,32460,0.0001,2.3937
81,32470,0.0001,2.2534
81,32480,0.0001,2.1462
81,32490,0.0001,2.3814
81,32500,0.0001,2.2559
81,32510,0.0001,2.3604
81,32520,0.0001,2.2191
81,32530,0.0001,2.3974
81,32540,0.0001,2.3046
81,32550,0.0001,2.3125
81,32560,0.0001,2.2192
81,32570,0.0001,2.4794
81,32580,0.0001,2.3738
81,32590,0.0001,2.3161
81,32600,0.0001,2.4913
81,32610,0.0001,2.433
81,32620,0.0001,2.4204
81,32630,0.0001,2.4559
81,32640,0.0001,2.2534
81,32650,0.0001,2.4398
81,32660,0.0001,2.5291
81,32670,0.0001,2.4457
81,32680,0.0001,2.3849
81,32690,0.0001,2.5095
81,32700,0.0001,2.5452
81,32710,0.0001,2.3344
81,32720,0.0001,2.3431
81,32730,0.0001,2.6397
81,32740,0.0001,2.4365
81,32750,0.0001,2.3509
81,32760,0.0001,2.3746
81,32770,0.0001,2.3547
81,32780,0.0001,2.6253
81,32790,0.0001,2.3753
82,32800,0.0001,2.5427
82,32810,0.0001,2.3717
82,32820,0.0001,2.379
82,32830,0.0001,2.2253
82,32840,0.0001,2.5174
82,32850,0.0001,2.4744
82,32860,0.0001,2.4397
82,32870,0.0001,2.4251
82,32880,0.0001,2.4609
82,32890,0.0001,2.3655
82,32900,0.0001,2.6089
82,32910,0.0001,2.3779
82,32920,0.0001,2.5087
82,32930,0.0001,2.2453
82,32940,0.0001,2.289
82,32950,0.0001,2.3845
82,32960,0.0001,2.3457
82,32970,0.0001,2.3992
82,32980,0.0001,2.4241
82,32990,0.0001,2.6049
82,33000,0.0001,2.461
82,33010,0.0001,2.4057
82,33020,0.0001,2.352
82,33030,0.0001,2.2794
82,33040,0.0001,2.2964
82,33050,0.0001,2.2519
82,33060,0.0001,2.289
82,33070,0.0001,2.3816
82,33080,0.0001,2.2445
82,33090,0.0001,2.2543
82,33100,0.0001,2.5591
82,33110,0.0001,2.3958
82,33120,0.0001,2.4072
82,33130,0.0001,2.6935
82,33140,0.0001,2.3285
82,33150,0.0001,2.235
82,33160,0.0001,2.258
82,33170,0.0001,2.3012
82,33180,0.0001,2.2621
82,33190,0.0001,2.4427
83,33200,0.0001,2.3184
83,33210,0.0001,2.513
83,33220,0.0001,2.5559
83,33230,0.0001,2.3038
83,33240,0.0001,2.4718
83,33250,0.0001,2.3352
83,33260,0.0001,2.3073
83,33270,0.0001,2.3767
83,33280,0.0001,2.3141
83,33290,0.0001,2.3059
83,33300,0.0001,2.3252
83,33310,0.0001,2.3502
83,33320,0.0001,2.4401
83,33330,0.0001,2.4007
83,33340,0.0001,2.3344
83,33350,0.0001,2.317
83,33360,0.0001,2.4108
83,33370,0.0001,2.1447
83,33380,0.0001,2.249
83,33390,0.0001,2.3277
83,33400,0.0001,2.3324
83,33410,0.0001,2.4944
83,33420,0.0001,2.3926
83,33430,0.0001,2.5053
83,33440,0.0001,2.41
83,33450,0.0001,2.3287
83,33460,0.0001,2.6836
83,33470,0.0001,2.5201
83,33480,0.0001,2.2539
83,33490,0.0001,2.411
83,33500,0.0001,2.5779
83,33510,0.0001,2.5323
83,33520,0.0001,2.4479
83,33530,0.0001,2.5852
83,33540,0.0001,2.4123
83,33550,0.0001,2.3283
83,33560,0.0001,2.2765
83,33570,0.0001,2.2276
83,33580,0.0001,2.3897
83,33590,0.0001,2.412
84,33600,0.0001,2.2358
84,33610,0.0001,2.2035
84,33620,0.0001,2.2665
84,33630,0.0001,2.4433
84,33640,0.0001,2.3295
84,33650,0.0001,2.3394
84,33660,0.0001,2.2712
84,33670,0.0001,2.3866
84,33680,0.0001,2.4149
84,33690,0.0001,2.7174
84,33700,0.0001,2.4618
84,33710,0.0001,2.4603
84,33720,0.0001,2.3849
84,33730,0.0001,2.5224
84,33740,0.0001,2.1868
84,33750,0.0001,2.2317
84,33760,0.0001,2.5143
84,33770,0.0001,2.3615
84,33780,0.0001,2.4288
84,33790,0.0001,2.3915
84,33800,0.0001,2.5895
84,33810,0.0001,2.4313
84,33820,0.0001,2.2494
84,33830,0.0001,2.3446
84,33840,0.0001,2.4375
84,33850,0.0001,2.2079
84,33860,0.0001,2.4464
84,33870,0.0001,2.3575
84,33880,0.0001,2.2863
84,33890,0.0001,2.3485
84,33900,0.0001,2.3742
84,33910,0.0001,2.4692
84,33920,0.0001,2.3217
84,33930,0.0001,2.3247
84,33940,0.0001,2.2283
84,33950,0.0001,2.4154
84,33960,0.0001,2.3294
84,33970,0.0001,2.3711
84,33980,0.0001,2.4827
84,33990,0.0001,2.3403
85,34000,0.0001,2.3038
85,34010,0.0001,2.5288
85,34020,0.0001,2.4402
85,34030,0.0001,2.154
85,34040,0.0001,2.4703
85,34050,0.0001,2.3096
85,34060,0.0001,2.3613
85,34070,0.0001,2.4519
85,34080,0.0001,2.4505
85,34090,0.0001,2.3545
85,34100,0.0001,2.2969
85,34110,0.0001,2.2594
85,34120,0.0001,2.2091
85,34130,0.0001,2.2005
85,34140,0.0001,2.4397
85,34150,0.0001,2.4867
85,34160,0.0001,2.3678
85,34170,0.0001,2.5067
85,34180,0.0001,2.4181
85,34190,0.0001,2.4138
85,34200,0.0001,2.3199
85,34210,0.0001,2.3776
85,34220,0.0001,2.2685
85,34230,0.0001,2.5649
85,34240,0.0001,2.4393
85,34250,0.0001,2.4672
85,34260,0.0001,2.5456
85,34270,0.0001,2.3539
85,34280,0.0001,2.3604
85,34290,0.0001,2.341
85,34300,0.0001,2.4048
85,34310,0.0001,2.2284
85,34320,0.0001,2.3498
85,34330,0.0001,2.4387
85,34340,0.0001,2.5786
85,34350,0.0001,2.3356
85,34360,0.0001,2.4515
85,34370,0.0001,2.4652
85,34380,0.0001,2.3104
85,34390,0.0001,2.1642
86,34400,0.0001,2.3824
86,34410,0.0001,2.3298
86,34420,0.0001,2.2775
86,34430,0.0001,2.4146
86,34440,0.0001,2.2335
86,34450,0.0001,2.3014
86,34460,0.0001,2.3333
86,34470,0.0001,2.4966
86,34480,0.0001,2.2746
86,34490,0.0001,2.4104
86,34500,0.0001,2.468
86,34510,0.0001,2.4087
86,34520,0.0001,2.6664
86,34530,0.0001,2.2992
86,34540,0.0001,2.348
86,34550,0.0001,2.3863
86,34560,0.0001,2.3296
86,34570,0.0001,2.1627
86,34580,0.0001,2.4108
86,34590,0.0001,2.4071
86,34600,0.0001,2.5364
86,34610,0.0001,2.2349
86,34620,0.0001,2.5642
86,34630,0.0001,2.2908
86,34640,0.0001,2.3347
86,34650,0.0001,2.3235
86,34660,0.0001,2.3541
86,34670,0.0001,2.487
86,34680,0.0001,2.311
86,34690,0.0001,2.3126
86,34700,0.0001,2.343
86,34710,0.0001,2.5685
86,34720,0.0001,2.4286
86,34730,0.0001,2.3446
86,34740,0.0001,2.5603
86,34750,0.0001,2.2879
86,34760,0.0001,2.425
86,34770,0.0001,2.2459
86,34780,0.0001,2.4167
86,34790,0.0001,2.2889
87,34800,0.0001,2.2449
87,34810,0.0001,2.4446
87,34820,0.0001,2.4329
87,34830,0.0001,2.4705
87,34840,0.0001,2.284
87,34850,0.0001,2.5514
87,34860,0.0001,2.5028
87,34870,0.0001,2.4719
87,34880,0.0001,2.3117
87,34890,0.0001,2.4147
87,34900,0.0001,2.4462
87,34910,0.0001,2.3315
87,34920,0.0001,2.2173
87,34930,0.0001,2.246
87,34940,0.0001,2.322
87,34950,0.0001,2.5514
87,34960,0.0001,2.1587
87,34970,0.0001,2.5126
87,34980,0.0001,2.3243
87,34990,0.0001,2.3741
87,35000,0.0001,2.231
87,35010,0.0001,2.2833
87,35020,0.0001,2.3107
87,35030,0.0001,2.3662
87,35040,0.0001,2.4312
87,35050,0.0001,2.3652
87,35060,0.0001,2.5029
87,35070,0.0001,2.5674
87,35080,0.0001,2.3587
87,35090,0.0001,2.254
87,35100,0.0001,2.3512
87,35110,0.0001,2.3204
87,35120,0.0001,2.4384
87,35130,0.0001,2.3142
87,35140,0.0001,2.3771
87,35150,0.0001,2.4436
87,35160,0.0001,2.7958
87,35170,0.0001,2.3992
87,35180,0.0001,2.4772
87,35190,0.0001,2.4673
88,35200,0.0001,2.3356
88,35210,0.0001,2.4598
88,35220,0.0001,2.5255
88,35230,0.0001,2.4494
88,35240,0.0001,2.2588
88,35250,0.0001,2.5057
88,35260,0.0001,2.5018
88,35270,0.0001,2.5299
88,35280,0.0001,2.501
88,35290,0.0001,2.4549
88,35300,0.0001,2.4658
88,35310,0.0001,2.3783
88,35320,0.0001,2.218
88,35330,0.0001,2.3817
88,35340,0.0001,2.4678
88,35350,0.0001,2.4314
88,35360,0.0001,2.3959
88,35370,0.0001,2.5415
88,35380,0.0001,2.2578
88,35390,0.0001,2.5656
88,35400,0.0001,2.3202
88,35410,0.0001,2.3128
88,35420,0.0001,2.2861
88,35430,0.0001,2.3938
88,35440,0.0001,2.2431
88,35450,0.0001,2.8269
88,35460,0.0001,2.4295
88,35470,0.0001,2.5289
88,35480,0.0001,2.5106
88,35490,0.0001,2.7102
88,35500,0.0001,2.3547
88,35510,0.0001,2.5004
88,35520,0.0001,2.4033
88,35530,0.0001,2.301
88,35540,0.0001,2.4587
88,35550,0.0001,2.3882
88,35560,0.0001,2.2778
88,35570,0.0001,2.305
88,35580,0.0001,2.4492
88,35590,0.0001,2.5797
89,35600,0.0001,2.568
89,35610,0.0001,2.3946
89,35620,0.0001,2.4477
89,35630,0.0001,2.4374
89,35640,0.0001,2.3973
89,35650,0.0001,2.3609
89,35660,0.0001,2.2938
89,35670,0.0001,2.3525
89,35680,0.0001,2.2364
89,35690,0.0001,2.4316
89,35700,0.0001,2.3138
89,35710,0.0001,2.3575
89,35720,0.0001,2.2747
89,35730,0.0001,2.3207
89,35740,0.0001,2.4005
89,35750,0.0001,2.3546
89,35760,0.0001,2.4278
89,35770,0.0001,2.3102
89,35780,0.0001,2.3832
89,35790,0.0001,2.4367
89,35800,0.0001,2.3391
89,35810,0.0001,2.3167
89,35820,0.0001,2.5255
89,35830,0.0001,2.2567
89,35840,0.0001,2.355
89,35850,0.0001,2.254
89,35860,0.0001,2.5466
89,35870,0.0001,2.4061
89,35880,0.0001,2.3654
89,35890,0.0001,2.4287
89,35900,0.0001,2.6009
89,35910,0.0001,2.4731
89,35920,0.0001,2.23
89,35930,0.0001,2.4158
89,35940,0.0001,2.4401
89,35950,0.0001,2.3137
89,35960,0.0001,2.379
89,35970,0.0001,2.2613
89,35980,0.0001,2.5815
89,35990,0.0001,2.4751
90,36000,0.0001,2.357
90,36010,0.0001,2.2389
90,36020,0.0001,2.3127
90,36030,0.0001,2.4446
90,36040,0.0001,2.4345
90,36050,0.0001,2.4631
90,36060,0.0001,2.337
90,36070,0.0001,2.2961
90,36080,0.0001,2.3767
90,36090,0.0001,2.1762
90,36100,0.0001,2.2651
90,36110,0.0001,2.8149
90,36120,0.0001,2.2585
90,36130,0.0001,2.3302
90,36140,0.0001,2.4846
90,36150,0.0001,2.2749
90,36160,0.0001,2.2925
90,36170,0.0001,2.2915
90,36180,0.0001,2.4233
90,36190,0.0001,2.3918
90,36200,0.0001,2.4243
90,36210,0.0001,2.2242
90,36220,0.0001,2.3399
90,36230,0.0001,2.4146
90,36240,0.0001,2.3634
90,36250,0.0001,2.2882
90,36260,0.0001,2.4448
90,36270,0.0001,2.3109
90,36280,0.0001,2.6949
90,36290,0.0001,2.4146
90,36300,0.0001,2.3649
90,36310,0.0001,2.2783
90,36320,0.0001,2.2644
90,36330,0.0001,2.4024
90,36340,0.0001,2.2783
90,36350,0.0001,2.3523
90,36360,0.0001,2.1968
90,36370,0.0001,2.4196
90,36380,0.0001,2.4534
90,36390,0.0001,2.4509
91,36400,0.0001,2.2503
91,36410,0.0001,2.18
91,36420,0.0001,2.2907
91,36430,0.0001,2.3463
91,36440,0.0001,2.2062
91,36450,0.0001,2.3897
91,36460,0.0001,2.2888
91,36470,0.0001,2.258
91,36480,0.0001,2.288
91,36490,0.0001,2.3268
91,36500,0.0001,2.3718
91,36510,0.0001,2.3296
91,36520,0.0001,2.3585
91,36530,0.0001,2.5722
91,36540,0.0001,2.284
91,36550,0.0001,2.2315
91,36560,0.0001,2.3169
91,36570,0.0001,2.3965
91,36580,0.0001,2.3081
91,36590,0.0001,2.3656
91,36600,0.0001,2.4309
91,36610,0.0001,2.3803
91,36620,0.0001,2.4509
91,36630,0.0001,2.2718
91,36640,0.0001,2.293
91,36650,0.0001,2.3825
91,36660,0.0001,2.3114
91,36670,0.0001,2.3107
91,36680,0.0001,2.3783
91,36690,0.0001,2.284
91,36700,0.0001,2.5922
91,36710,0.0001,2.3772
91,36720,0.0001,2.3595
91,36730,0.0001,2.4789
91,36740,0.0001,2.5686
91,36750,0.0001,2.2909
91,36760,0.0001,2.3761
91,36770,0.0001,2.3707
91,36780,0.0001,2.3062
91,36790,0.0001,2.1801
92,36800,0.0001,2.3899
92,36810,0.0001,2.2675
92,36820,0.0001,2.4342
92,36830,0.0001,2.2538
92,36840,0.0001,2.4389
92,36850,0.0001,2.2609
92,36860,0.0001,2.3462
92,36870,0.0001,2.4418
92,36880,0.0001,2.2782
92,36890,0.0001,2.43
92,36900,0.0001,2.2149
92,36910,0.0001,2.2354
92,36920,0.0001,2.5752
92,36930,0.0001,2.576
92,36940,0.0001,2.305
92,36950,0.0001,2.2946
92,36960,0.0001,2.3029
92,36970,0.0001,2.5116
92,36980,0.0001,2.1848
92,36990,0.0001,2.2133
92,37000,0.0001,2.4252
92,37010,0.0001,2.32
92,37020,0.0001,2.3833
92,37030,0.0001,2.271
92,37040,0.0001,2.3054
92,37050,0.0001,2.2044
92,37060,0.0001,2.3291
92,37070,0.0001,2.4048
92,37080,0.0001,2.4154
92,37090,0.0001,2.3539
92,37100,0.0001,2.2619
92,37110,0.0001,2.2813
92,37120,0.0001,2.4619
92,37130,0.0001,2.238
92,37140,0.0001,2.2213
92,37150,0.0001,2.1679
92,37160,0.0001,2.4325
92,37170,0.0001,2.2996
92,37180,0.0001,2.5414
92,37190,0.0001,2.444
93,37200,0.0001,2.1419
93,37210,0.0001,2.6337
93,37220,0.0001,2.3891
93,37230,0.0001,2.4871
93,37240,0.0001,2.3731
93,37250,0.0001,2.3249
93,37260,0.0001,2.2037
93,37270,0.0001,2.5376
93,37280,0.0001,2.4156
93,37290,0.0001,2.3707
93,37300,0.0001,2.2106
93,37310,0.0001,2.1916
93,37320,0.0001,2.533
93,37330,0.0001,2.4056
93,37340,0.0001,2.4157
93,37350,0.0001,2.2228
93,37360,0.0001,2.5157
93,37370,0.0001,2.3343
93,37380,0.0001,2.412
93,37390,0.0001,2.1863
93,37400,0.0001,2.4393
93,37410,0.0001,2.2986
93,37420,0.0001,2.2637
93,37430,0.0001,2.3612
93,37440,0.0001,2.2145
93,37450,0.0001,2.6403
93,37460,0.0001,2.4751
93,37470,0.0001,2.4194
93,37480,0.0001,2.3572
93,37490,0.0001,2.3732
93,37500,0.0001,2.2316
93,37510,0.0001,2.2986
93,37520,0.0001,2.2202
93,37530,0.0001,2.4598
93,37540,0.0001,2.3437
93,37550,0.0001,2.4284
93,37560,0.0001,2.2669
93,37570,0.0001,2.5442
93,37580,0.0001,2.3748
93,37590,0.0001,2.4652
94,37600,0.0001,2.3673
94,37610,0.0001,2.4302
94,37620,0.0001,2.3386
94,37630,0.0001,2.301
94,37640,0.0001,2.1351
94,37650,0.0001,2.2226
94,37660,0.0001,2.3605
94,37670,0.0001,2.3462
94,37680,0.0001,2.2817
94,37690,0.0001,2.2792
94,37700,0.0001,2.4937
94,37710,0.0001,2.4842
94,37720,0.0001,2.4837
94,37730,0.0001,2.4365
94,37740,0.0001,2.4714
94,37750,0.0001,2.3855
94,37760,0.0001,2.4487
94,37770,0.0001,2.2691
94,37780,0.0001,2.3792
94,37790,0.0001,2.3358
94,37800,0.0001,2.3373
94,37810,0.0001,2.175
94,37820,0.0001,2.2598
94,37830,0.0001,2.5757
94,37840,0.0001,2.3944
94,37850,0.0001,2.3435
94,37860,0.0001,2.3598
94,37870,0.0001,2.2908
94,37880,0.0001,2.2594
94,37890,0.0001,2.3556
94,37900,0.0001,2.5065
94,37910,0.0001,2.2902
94,37920,0.0001,2.3525
94,37930,0.0001,2.2788
94,37940,0.0001,2.2172
94,37950,0.0001,2.3457
94,37960,0.0001,2.3669
94,37970,0.0001,2.4223
94,37980,0.0001,2.7034
94,37990,0.0001,2.1245
95,38000,0.0001,2.3386
95,38010,0.0001,2.2587
95,38020,0.0001,2.4376
95,38030,0.0001,2.3539
95,38040,0.0001,2.4521
95,38050,0.0001,2.4403
95,38060,0.0001,2.3922
95,38070,0.0001,2.4464
95,38080,0.0001,2.5405
95,38090,0.0001,2.3722
95,38100,0.0001,2.4322
95,38110,0.0001,2.3898
95,38120,0.0001,2.3232
95,38130,0.0001,2.5835
95,38140,0.0001,2.492
95,38150,0.0001,2.3686
95,38160,0.0001,2.2823
95,38170,0.0001,2.4387
95,38180,0.0001,2.4543
95,38190,0.0001,2.478
95,38200,0.0001,2.3902
95,38210,0.0001,2.2959
95,38220,0.0001,2.3608
95,38230,0.0001,2.4527
95,38240,0.0001,2.3082
95,38250,0.0001,2.3548
95,38260,0.0001,2.2973
95,38270,0.0001,2.2316
95,38280,0.0001,2.4159
95,38290,0.0001,2.5249
95,38300,0.0001,2.2963
95,38310,0.0001,2.6411
95,38320,0.0001,2.3967
95,38330,0.0001,2.2295
95,38340,0.0001,2.5934
95,38350,0.0001,2.2122
95,38360,0.0001,2.4688
95,38370,0.0001,2.4193
95,38380,0.0001,2.3341
95,38390,0.0001,2.2737
96,38400,0.0001,2.2851
96,38410,0.0001,2.2903
96,38420,0.0001,2.3051
96,38430,0.0001,2.224
96,38440,0.0001,2.382
96,38450,0.0001,2.3749
96,38460,0.0001,2.2968
96,38470,0.0001,2.2589
96,38480,0.0001,2.2163
96,38490,0.0001,2.1973
96,38500,0.0001,2.2325
96,38510,0.0001,2.2647
96,38520,0.0001,2.2887
96,38530,0.0001,2.4049
96,38540,0.0001,2.2543
96,38550,0.0001,2.3621
96,38560,0.0001,2.3267
96,38570,0.0001,2.3642
96,38580,0.0001,2.742
96,38590,0.0001,2.4736
96,38600,0.0001,2.291
96,38610,0.0001,2.3898
96,38620,0.0001,2.4218
96,38630,0.0001,2.1966
96,38640,0.0001,2.3767
96,38650,0.0001,2.4621
96,38660,0.0001,2.2512
96,38670,0.0001,2.3769
96,38680,0.0001,2.3291
96,38690,0.0001,2.4532
96,38700,0.0001,2.4089
96,38710,0.0001,2.408
96,38720,0.0001,2.4997
96,38730,0.0001,2.2585
96,38740,0.0001,2.2627
96,38750,0.0001,2.4688
96,38760,0.0001,2.4611
96,38770,0.0001,2.3855
96,38780,0.0001,2.232
96,38790,0.0001,2.4106
97,38800,0.0001,2.2061
97,38810,0.0001,2.3784
97,38820,0.0001,2.304
97,38830,0.0001,2.1821
97,38840,0.0001,2.2969
97,38850,0.0001,2.3945
97,38860,0.0001,2.5149
97,38870,0.0001,2.6075
97,38880,0.0001,2.6768
97,38890,0.0001,2.4898
97,38900,0.0001,2.4531
97,38910,0.0001,2.3472
97,38920,0.0001,2.3668
97,38930,0.0001,2.5045
97,38940,0.0001,2.2485
97,38950,0.0001,2.2492
97,38960,0.0001,2.3063
97,38970,0.0001,2.1995
97,38980,0.0001,2.263
97,38990,0.0001,2.2622
97,39000,0.0001,2.2943
97,39010,0.0001,2.3188
97,39020,0.0001,2.3322
97,39030,0.0001,2.4208
97,39040,0.0001,2.3169
97,39050,0.0001,2.3411
97,39060,0.0001,2.3425
97,39070,0.0001,2.3307
97,39080,0.0001,2.5334
97,39090,0.0001,2.325
97,39100,0.0001,2.3884
97,39110,0.0001,2.4208
97,39120,0.0001,2.2166
97,39130,0.0001,2.3519
97,39140,0.0001,2.3501
97,39150,0.0001,2.306
97,39160,0.0001,2.388
97,39170,0.0001,2.271
97,39180,0.0001,2.5426
97,39190,0.0001,2.6247
98,39200,0.0001,2.4723
98,39210,0.0001,2.4223
98,39220,0.0001,2.3429
98,39230,0.0001,2.4069
98,39240,0.0001,2.3415
98,39250,0.0001,2.2817
98,39260,0.0001,2.4096
98,39270,0.0001,2.3017
98,39280,0.0001,2.2
98,39290,0.0001,2.2724
98,39300,0.0001,2.1278
98,39310,0.0001,2.197
98,39320,0.0001,2.301
98,39330,0.0001,2.3147
98,39340,0.0001,2.2885
98,39350,0.0001,2.3175
98,39360,0.0001,2.3982
98,39370,0.0001,2.2997
98,39380,0.0001,2.3651
98,39390,0.0001,2.2553
98,39400,0.0001,2.2396
98,39410,0.0001,2.2393
98,39420,0.0001,2.2021
98,39430,0.0001,2.2747
98,39440,0.0001,2.6307
98,39450,0.0001,2.5723
98,39460,0.0001,2.3446
98,39470,0.0001,2.3261
98,39480,0.0001,2.4599
98,39490,0.0001,2.3227
98,39500,0.0001,2.1991
98,39510,0.0001,2.3325
98,39520,0.0001,2.3406
98,39530,0.0001,2.1154
98,39540,0.0001,2.1671
98,39550,0.0001,2.3051
98,39560,0.0001,2.2551
98,39570,0.0001,2.4809
98,39580,0.0001,2.3415
98,39590,0.0001,2.3739
99,39600,0.0001,2.2257
99,39610,0.0001,2.4338
99,39620,0.0001,2.3075
99,39630,0.0001,2.2408
99,39640,0.0001,2.216
99,39650,0.0001,2.474
99,39660,0.0001,2.2185
99,39670,0.0001,2.4698
99,39680,0.0001,2.3468
99,39690,0.0001,2.3802
99,39700,0.0001,2.6947
99,39710,0.0001,2.4108
99,39720,0.0001,2.4282
99,39730,0.0001,2.1099
99,39740,0.0001,2.437
99,39750,0.0001,2.3783
99,39760,0.0001,2.2438
99,39770,0.0001,2.2979
99,39780,0.0001,2.3607
99,39790,0.0001,2.3351
99,39800,0.0001,2.2658
99,39810,0.0001,2.3456
99,39820,0.0001,2.285
99,39830,0.0001,2.2911
99,39840,0.0001,2.2065
99,39850,0.0001,2.3297
99,39860,0.0001,2.3509
99,39870,0.0001,2.1465
99,39880,0.0001,2.2548
99,39890,0.0001,2.5684
99,39900,0.0001,2.4751
99,39910,0.0001,2.1126
99,39920,0.0001,2.3005
99,39930,0.0001,2.3675
99,39940,0.0001,2.2778
99,39950,0.0001,2.2213
99,39960,0.0001,2.5672
99,39970,0.0001,2.2235
99,39980,0.0001,2.4861
99,39990,0.0001,2.687
